0.023255814,0.023255814,0.023255814,0.023255814,0.023255814,0.023255814,0.023255814,0.023255814,0.023255814,0.023255814,0.023255814,0.023255814,0.023255814,0.023255814,0.023255814,0.023255814,0.023255814,0.023255814,0.023255814,0.023255814,0.023255814,0.023255814,0.023255814,0.023255814,0.023255814,0.023255814,0.023255814,0.023255814,0.023255814,0.023255814,0.023255814,0.023255814,0.023255814,0.023255814,0.023255814,0.023255814,0.023255814,0.023255814,0.023255814,0.023255814,0.023255814,0.023255814,0.023255814
1,2,3,4,5,6,7,8,9,10,11,12,13,14,15,16,17,18,19,20,21,22,23,24,25,26,27,28,29,30,31,32,33,34,35,36,37,38,39,40,41,42,43
ALRM ,JD,LRCX,NTAP,NVDA,CRM,SWKS,SYNA,TSM ,MSFT ,FB,TSLA ,ETSY ,PYPL,ALB,NKE,CAT,HD,SNPS ,CELH,NLS,WYY,SHOP,SPSC,CTLT ,CORT ,ALXN ,HZNP ,ACMR,VNET ,KNSL ,ERIE ,ASML ,IPGP ,BR ,OSTK ,OIIM ,LPTH ,BRKS ,PTC ,IRBT ,DE,ROK 
42.891998,35.900002,294.48999,61.799999,236.720001,163.580002,119.709999,65.309998,59.599998,158.330002,206.270004,84.342003,44.709999,109.275002,72.190002,101.019997,147.979996,217.839996,139.839996,4.71,1.75,4,398.359985,55.310001,55.52,11.73,107.160004,35.41,18.51,7.26,100.870003,163.800003,300.609985,144.789993,122.970001,6.85,1.7,0.68,42.27,74.980003,48.32,173.729996,202.600006
42.395,36.68,291.720001,61.209999,234.100006,165,117.650002,67.199997,58.040001,158.059998,206.949997,87.384003,44.02,108.760002,71.220001,100.309998,147.449997,216.75,140.050003,4.53,1.73,3.8,397,55.41,55.5,11.8,105.18,35.549999,18.450001,7.61,101.960999,163.169998,297.660004,140.399994,121.900002,6.93,1.69,0.69,41.900002,74.879997,47.610001,173.550003,200.509995
42.299999,37.380001,287.540009,61.119999,231.270004,164.449997,115.080002,66.589996,57.130001,156.509995,206.520004,88,44.360001,107.440002,70.190002,100.870003,146.539993,216.399994,139.699997,4.49,1.75,3.8,395.420013,55.130001,55.349998,11.62,104.559998,35.34,18.9,8.29,103.75,163.759995,292.429993,138.479996,122.790001,7.12,1.69,0.68,40.310001,74.610001,46.689999,173.740005,200.919998
42.580002,37.639999,291.380005,61.240002,236.389999,172.089996,116.300003,67.489998,56.740002,157.320007,211.75,90.671997,44.900002,109.529999,71.129997,100.809998,145.509995,216.899994,140.320007,4.11,1.9,4,410.119995,55.310001,55.48,11.85,104.580002,35.75,21.24,9.05,105.410004,164.869995,297.410004,143,124.209999,7.9,1.69,0.67,40.48,75.620003,47.860001,173.490005,202.25
42.599998,37.98,295.200012,61.98,238.149994,174.75,117.589996,67.809998,58.110001,157.949997,212.610001,93.646004,44.875,109.82,69.610001,100.849998,146.460007,218.669998,142.559998,4.26,2.02,3.9,411.859985,55.880001,56.34,11.78,105.730003,36,24.440001,9.2,105.32,164.5,299.940002,140.039993,124.029999,7.75,1.63,0.67,41.110001,75.559998,47.130001,173.990005,200.520004
42.650002,38.700001,293.5,62.970001,240.860001,177.289993,117.599998,67.610001,58.700001,161.029999,216.279999,94.573997,44.799999,111.589996,70.730003,101.389999,146.509995,221.850006,146.520004,4.37,2.13,4.1,421.790009,55.82,56.599998,11.92,108.830002,35.900002,22.370001,9.05,104.652,165.839996,300.269989,139.529999,125.809998,7.9,1.63,0.67,41.610001,76.879997,48.189999,176.110001,204.970001
42.110001,38.73,292.950012,62.849998,243.75,178.690002,119.639999,66.389999,58.77,161.179993,217.419998,94.739998,45.889999,112.269997,71.849998,100.760002,145.830002,223.029999,147.220001,4.56,2.61,4,427.670013,55.740002,56.919998,12.08,108.769997,35.950001,23.33,8.88,103.160004,164.149994,295.559998,135.119995,126.779999,7.93,1.68,0.67,41.049999,76.470001,48.43,173.410004,204.699997
41.799999,39.630001,292.51001,63.389999,246.75,181.130005,121.059998,67.709999,59.450001,161.259995,219.210007,98.400002,46.09,113.860001,72.889999,100.82,145.550003,222.679993,148.649994,4.56,3.04,3.9,433.75,56.529999,57.509998,12.16,107.620003,36.82,24.15,8.9,103.68,164.690002,297.5,133.029999,127.470001,7.92,1.66,0.65,41.310001,76.580002,48.880001,173.570007,204.649994
41.529999,39.59,296.73999,63.610001,246.75,182.039993,122.610001,68.269997,59.919998,161.720001,218.630005,104.980003,48.02,114.120003,75.599998,102.349998,146.309998,222.309998,147.259995,4.74,3.3,4,430.5,56.779999,59.224998,12.08,110.599998,37.32,27,9.45,104.949997,165.039993,298.470001,137.470001,127.360001,7.97,1.63,0.65,41.880001,76.75,51.650002,173.429993,202.300003
43.25,39.549999,296.720001,63.830002,244.529999,180.619995,119.919998,68.300003,58.259998,162.570007,220.139999,103.358002,48.549999,114.610001,78,102.480003,145.199997,222.130005,147.460007,4.78,3.65,4.1,441.220001,57,60.209999,12.44,112.199997,37.669998,30.719999,9.52,105.379997,165.710007,299.75,138.380005,127.910004,8.41,1.61,0.66,42.299999,78.040001,52.130001,172.149994,201.639999
43.68,39.404999,300.950012,64.190002,246.779999,180.960007,121.449997,70.150002,58.299999,164.029999,220.389999,98.433998,49.279999,114.849998,78.510002,102.849998,146.240005,225.399994,148.229996,4.73,3.34,4.3,446.640015,57.720001,61.060001,12.68,111.379997,37.759998,35.453999,10.21,107.595001,166.630005,299.549988,141.039993,129.070007,8.49,1.62,0.66,43.599998,79.730003,54.189999,173.050003,202.570007
45.169998,39.709999,302.160004,61.93,247.369995,181.360001,123.019997,71.290001,58.009998,165.429993,220.529999,100.632004,50.709999,115.470001,79.779999,103.339996,146.600006,228.910004,149.110001,5.07,3.41,4.2,452,56.93,60.810001,12.85,112.470001,37.950001,32.349998,10.48,108.459999,167.179993,299.269989,145.240005,129.139999,8.4,1.61,0.65,43.310001,79.589996,54.580002,175.529999,204.490005
45.810001,39.049999,307.309998,60.41,246.570007,181.5,123.599998,71.220001,57.470001,166.429993,219.119995,105.681999,49.75,115.110001,80.580002,103.809998,145.690002,231.059998,151,5.25,3.1,4.2,454.089996,56.540001,60.799999,12.55,112.68,37.73,35,10.26,109.080002,169.490005,297.470001,143.710007,130.270004,8.47,1.61,0.66,42.669998,78.690002,53.849998,172.389999,201.369995
45.919998,40.5,310.75,60.169998,249,182.690002,124.550003,71.559998,58.32,165.679993,221.279999,111.82,50.040001,115.470001,80.769997,104.419998,142.520004,232.880005,153.309998,5.66,3.46,4.2,463.170013,56.790001,61.153999,12.72,110.120003,38.18,43.581001,10.3,110.291,167.380005,296.01001,145.490005,132.5,8.67,1.61,0.66,42.240002,79.089996,53.82,170.619995,199.089996
45.080002,39.939999,307.549988,59.080002,248.149994,181.300003,124.410004,72.389999,56.619999,165.270004,219.270004,111.120003,48.779999,115.800003,79.510002,102.620003,139.800003,230.639999,152.110001,5.56,3.59,4.2,460,58.400002,61.25,12.95,108.019997,37.040001,39.77,10.22,105.540001,164.220001,291.559998,143.970001,130.639999,8.23,1.63,0.65,41.040001,82.879997,52.75,168.660004,196.75
45.48,39.189999,303.709991,59.060001,248.300003,181.130005,120.790001,70.059998,57.459999,164.449997,216.110001,110.851997,50.060001,116.510002,80.379997,101.660004,139.259995,230.559998,153.300003,6.01,3.44,4.5,457.829987,58.060001,61.299999,13.01,104.639999,35.669998,35,10.2,109.269997,166.509995,294.48999,143.440002,130.229996,7.81,1.64,0.65,40.599998,85.25,53.84,169.039993,197.869995
45.060001,36.349998,292.690002,57.759998,232.229996,177.300003,116.199997,67.699997,55.060001,160.199997,212.5,107.856003,47.330002,112.309998,78.010002,98.010002,135.570007,228.199997,149.270004,5.88,3.3,4.7,436.73999,56.970001,60.360001,12.77,103.239998,34.610001,32.5,9.67,109.580002,164.270004,283.769989,134.009995,128.119995,7.73,1.62,0.65,38.810001,83.050003,51.25,162.929993,193.610001
45.34,37.683998,293.359985,56.849998,240.710007,180.350006,117.800003,69.160004,55.48,163.070007,213.520004,111.615997,49.380001,114.714996,79.510002,99.519997,135.619995,231.350006,150.850006,5.64,3.42,4.7,451.100006,57.470001,61.59,13.09,105.769997,36,36.529999,9.7,113.199997,166.300003,285.160004,134.710007,129.25,7.81,1.6,0.66,38.779999,84.129997,53.139999,162.399994,194.160004
45.599998,38.790001,295.910004,55.5,243.940002,181.619995,117.800003,67.989998,56.849998,165.690002,218.449997,113.486,49.830002,115.160004,79.739998,99.169998,135.669998,233.399994,150.339996,5.41,3.49,4.6,470.450012,57.130001,62.66,13.08,106.849998,35.84,35.720001,9.51,111.595001,167,293.709991,129.970001,129.520004,8.06,1.59,0.63,38.330002,82.949997,51.110001,160,193.330002
45.52,37.540001,305.76001,54.07,239.399994,180.539993,114.099998,67.160004,55.060001,170.789993,204.75,123.599998,49.360001,112.419998,79.379997,97.370003,132.910004,231.570007,148.639999,5.46,3.12,4.6,464.660004,56.330002,61.34,12.86,99.980003,34.880001,35.099998,9.22,112.139999,165.460007,290.540009,126.760002,127.839996,8.05,1.52,0.62,38.299999,83.260002,50.169998,158.539993,189.759995
43.849998,37.57,297.269989,53.169998,234.75,180.789993,112.720001,65.919998,53.599998,169.580002,201.059998,126.503998,48.48,113.150002,78.720001,95.919998,130.539993,227.889999,147.139999,5.23,2.87,4.5,463.019989,56.279999,60.689999,12.57,98.75,34.150002,33.251999,9.12,113,165.839996,280.170013,127.410004,115.389999,8.02,1.51,0.62,37.889999,82.660004,47.02,157.330002,190.399994
43.290001,38,300,53.490002,235.449997,181.850006,112.699997,66.839996,54.139999,170.399994,202.5,134.703995,48.785,114.050003,79.720001,98.57,129.300003,229.350006,148.5,5.39,2.75,4.5,457.25,56.93,61.52,12.59,99.32,33.889999,34.5,9.2,114.150002,166.529999,283.320007,127.93,116.199997,7.87,1.51,0.63,38.130001,82.959999,46.889999,157.279999,192.490005
43.355,40.064999,316.119995,55.099998,244.020004,186.649994,116.660004,68.260002,56.900002,176.309998,205.199997,166.776001,49.779999,117.300003,82.419998,101.260002,132.679993,234.029999,152.020004,5.44,2.67,4.4,471.790985,57.959999,58.599998,12.56,101.5,34.330002,36.599998,10,115.739998,164.869995,294.230011,135.720001,115.800003,7.54,1.51,0.69,38.959999,85.43,47.75,160.649994,198.660004
44.43,39.450001,323.700012,56.73,247.410004,182.860001,118.139999,69.43,57.169998,178.410004,208.710007,140.822006,49.5,118.890999,85.550003,99.529999,135.440002,235.860001,153.570007,5.55,2.95,4.5,467.958008,57.470001,59.110001,12.96,103.029999,34.939999,34.775002,10.44,115.519997,163.410004,303.049988,139,117.910004,7.9,1.52,0.8,39.099998,85.919998,48.07,166.509995,203.410004
44.470001,40.060001,323,57.34,248.880005,184.240005,116.519997,69.169998,57.279999,180.059998,209.339996,137.399994,49.009998,119.470001,85.540001,100.160004,136.130005,237.479996,154.199997,5.65,3.16,4.4,462.5,58.41,58.689999,13.06,102.080002,34.529999,35.349998,10.84,118.160004,163.759995,306.619995,138.5,119.589996,7.97,1.58,0.77,39.439999,85.660004,51.330002,166.050003,203.649994
43.830002,39.779999,314.720001,57.240002,250.570007,185.649994,113.940002,79.099998,56.060001,182.479996,209.929993,146,48.599998,118.410004,82.099998,98.970001,133,236.520004,153.350006,5.61,3.08,4.5,466.779999,58.009998,57.290001,13.3,100.370003,34.82,35.470001,12.01,119.540001,163.309998,303.200012,133.360001,117.529999,8.25,1.59,0.98,38.5,83.940002,54.450001,166.660004,202.070007
45.32,39.560001,313,56.880001,252.300003,185.559998,111.449997,81.050003,56.34,183.25,210.660004,150.479996,49.43,118.5,83.110001,99,132.779999,236.179993,153.559998,5.63,2.88,4.5,476.529999,57.970001,57.560001,13.47,99.82,35.09,35.860001,11.81,120.849998,160.929993,304,132.100006,117.529999,8.15,1.6,1.16,38.790001,83.5,51.66,166.130005,201.419998
46.455002,40.5,322.869995,58.369999,264.829987,188.649994,117.129997,81.459999,57.810001,183.5,206.509995,151.600006,50.18,118.400002,83.260002,99.440002,135.059998,240.199997,157.149994,5.83,2.88,4.6,489.109985,57.759998,59.345001,13.45,100.830002,36.200001,37.310001,12.69,120.669998,161.600006,313.01001,139.860001,118.629997,8.22,1.61,1.21,41.830002,85.120003,52.060001,168.600006,203.5
46.546001,41.23,328,59.220001,268.450012,186.770004,120.440002,80.919998,58.900002,181.850006,207.399994,152.673996,51.099998,117.870003,86.099998,100.440002,138.089996,238.839996,156.949997,5.85,2.9,4.6,529,57.419998,59,13.41,101.57,35.799999,38.529999,13.08,120.389999,159.699997,315.25,142.389999,119.900002,8.63,1.63,1.28,42.34,85.970001,52.549999,170.210007,203.770004
46.810001,41.060001,333.619995,53.200001,269.109985,188.419998,121.050003,80.25,58.740002,182.869995,209.179993,147,51.5,117.800003,85.099998,101.68,138.429993,240.399994,158.279999,5.88,2.88,4.5,530.70697,58.139999,59.029999,13.13,103.18,35.73,38.299999,13.12,122.93,160.339996,314.019989,132.330002,122.190002,8.77,1.58,1.2,42.040001,86.440002,51.799999,169.860001,200.630005
47.290001,41.59,336.76001,53.68,286,188.100006,118.25,80.809998,57.869999,182.649994,212.649994,157.100006,52.200001,120.800003,88.489998,102.449997,136.889999,242.630005,162.009995,5.86,2.9,4.6,523.330017,57.43,59.740002,13.13,102.230003,35.509998,38.060001,13.08,125.82,162.270004,314.51001,139,121.610001,8.94,1.58,1.25,41.02,86.620003,52.52,167.179993,198.649994
47.099998,41.66,323,52.759998,284.859985,188.919998,115.599998,78.449997,55.630001,185.5,213.399994,166.472,52.650002,121.68,86.690002,101.610001,135.080002,243.160004,162.380005,6.04,2.89,4.5,532,60.389999,59.25,13.25,101.5,35.240002,39.869999,13.27,125.985001,161.559998,306.890015,135.509995,121.690002,8.36,1.56,1.31,39.950001,86.519997,50.560001,164.210007,197.070007
47.220001,42.529999,330.299988,53.049999,301.48999,191.800003,117.75,78.599998,57,186.470001,216.110001,180.203995,52.900002,122.300003,88.690002,102.43,136.059998,243.009995,164.520004,6.15,2.9,4.7,538.640015,59.060001,58.91,13.72,101.949997,35.610001,39.68,13.66,126.599998,161.119995,311,137.070007,122.059998,8.53,1.52,1.38,40.700001,87.459999,51.290001,164.850006,197.199997
46.93,41.330002,324.019989,52.68,296.350006,189.770004,115.970001,75.580002,55.810001,181.100006,212.949997,171.988007,53.18,120.400002,88.349998,100.550003,136.199997,242.149994,151.050003,6.15,3.05,4.8,507.399994,56.209999,58.509998,13.4,100.949997,35.189999,40.23,14.53,123.769997,159.699997,310.440002,140.589996,118.059998,8.8,1.52,1.41,39.099998,87.239998,50.240002,164.5,199.679993
46.619999,40.16,315.23999,51.860001,290.660004,186.720001,113.470001,75.599998,55.52,177.25,208.830002,176.089996,52.84,118.529999,90.459999,99.629997,135.110001,244,148.160004,6.32,3.33,5,511.609985,56.240002,58.209999,13.5,101.519997,34.75,38.549999,14.07,120.089996,158.600006,304.730011,134.619995,119.110001,9,1.51,1.43,37.900002,87.18,50.849998,176,202.220001
45.139999,38.380001,295.119995,49.68,268,178.789993,108.800003,70.400002,53.18,163.229996,198.169998,164.440002,50.060001,113.519997,87.209999,95.25,132.050003,237.699997,141.300003,6.05,3.15,4.8,476,54.060001,55.32,12.92,97.75,33.77,34.880001,13.89,121.019997,156.089996,288.269989,122.699997,115.550003,8.83,1.45,1.31,36.009998,83.379997,48.290001,171.5,199.800003
44.07,38.400002,289.390015,48.419998,257.959991,179.429993,105.800003,70.379997,53.830002,167.649994,195.949997,157.399994,49.200001,109.330002,85.68,92.620003,128.25,236.479996,141.559998,5.94,3.12,4.6,456.459991,54.279999,54.560001,13.1,94.769997,33.66,36.07,14.71,126.300003,154.610001,284.440002,124.760002,112.32,7.5,1.45,1.23,34.810001,80.099998,46.040001,165.800003,196.089996
46.009998,39.25,294.619995,48.25,262,174.25,103.730003,69,54.380001,168.210007,195.490005,155.222,50,108.599998,84.309998,91.989998,127.550003,234.320007,141.100006,5.95,3.15,4.4,459.040009,54.02,54.549999,13.15,94.43,33.919998,36.509998,14.9,125.845001,156.990005,285.589996,126.650002,112.510002,7.41,1.45,1.3,34.82,79.870003,46.540001,165.610001,194.889999
45.279999,38.02,282.01001,46.389999,248.889999,170.050003,97.330002,64.43,53.27,157.979996,189.5,133.800003,53.810001,106.300003,80.739998,88.5,123.220001,224.570007,136.119995,6.04,2.7,4.3,427.934998,52.240002,52.419998,13.1,90.910004,33.84,33.91,14.54,123.080002,154.75,275.869995,120.080002,107.690002,6.52,1.36,1.22,33.080002,75.190002,44.709999,159.960007,186.110001
44.950001,36.814999,273.660004,44.889999,241.789993,163.119995,91.800003,61.939999,51,152,181.820007,122.304001,56.321999,103.720001,76.669998,85.150002,119.029999,212.330002,131.509995,5.44,2.67,4,420.5,50.779999,49.82,12.43,89.699997,32.509998,32.130001,13.65,116.260002,137.419998,265.980011,118,102.910004,6.25,1.3,1.2,32.259998,72.82,44.509998,152.660004,177.75
47.25,40.25,284.019989,45.810001,261,168.589996,98.75,65.209999,53.830002,162.309998,188.850006,137.334,56.91,106.529999,80.150002,87.910004,123.010002,218.490005,135.410004,5.62,2.89,4.7,461.596008,52.57,51.119999,12.5,90.480003,33.189999,33.700001,14.73,122.650002,142.699997,275.470001,123.849998,103.589996,5.96,1.3,1.19,33.57,72.910004,45.5,156.550003,183.279999
46.970001,40.110001,288.589996,45.259998,262.459991,167.089996,99.449997,68.540001,54.040001,162.259995,183.970001,143.222,56.82,108.260002,80.879997,90.57,123.779999,225.570007,138.190002,5.91,2.9,4.7,467.519989,53.080002,51.419998,11.88,91.790001,33.709999,34.669998,14.88,127.309998,150.100006,282.220001,126.059998,102.139999,6.02,1.3,1.28,33.439999,69.57,46.630001,157,183.580002
44.116001,42.41,293.799988,45.34,267.200012,169.630005,100.120003,70.25,55.549999,165.619995,186.389999,144.945999,57.849998,110.620003,83.269997,90.839996,124.309998,231.800003,141.619995,6.35,2.75,4.5,486,53.959999,53.18,12.37,94.120003,34.330002,35,15.62,128.929993,152.5,289.980011,126.360001,103.050003,6.1,1.3,1.28,33.91,69.559998,47.790001,160.520004,185
44.98,42.549999,296,43.709999,271.5,168.100006,97.919998,69.010002,55.25,165.690002,183.889999,143.613998,60.830002,111.239998,83.510002,89.940002,121.239998,233.149994,141.309998,6.08,2.71,4.4,491.25,52.830002,51.130001,12.3,93.040001,35.279999,34.59,15.18,127.959999,149.270004,286.040009,124.550003,99.690002,6.21,1.26,1.22,34,67.779999,47.43,157.919998,182.759995
44.669998,41.200001,285.25,41.75,258,158.539993,93.339996,65.870003,53.970001,156,176.259995,136.854004,59.25,107.580002,80.639999,85.879997,118.830002,222.25,133.710007,5.8,2.52,4.3,459.147003,51.68,47.73,11.21,89.309998,34.310001,30.940001,14.82,120.440002,146.300003,281.290009,119.440002,95.550003,5.89,1.22,1.22,32.919998,65.290001,45.470001,153.669998,174.5
38.810001,39.200001,267.230011,39.73,238.179993,150.639999,86.260002,63,51.060001,150,165.190002,121,54.23,99.709999,69.589996,80.919998,104.029999,207.25,126,5.45,2.15,3.8,416.51001,47.470001,43.150002,10.16,85.07,32.07,27,13.75,110.830002,144.259995,263.859985,110,91.239998,4.88,1.1,1.11,30.139999,58,39.799999,147.130005,151.449997
37.75,40.605,267.440002,40.41,245.990005,151,89.629997,64.489998,52.490002,152.580002,169.5,121.599998,55.389999,103.169998,72.220001,82.879997,99.110001,211,128.070007,5.41,2.06,3.8,420.630005,46.259998,43.610001,10.75,84.510002,30.93,26.110001,14.69,112.036003,148.630005,265,115.919998,93.800003,4.88,1.13,1.16,30.559999,58,36.110001,148.009995,154.279999
37.209999,40.41,272.579987,39.939999,242.570007,150.149994,88.68,62.860001,52.09,151.149994,167.660004,122.599998,49.805,101.980003,69.059998,82.07,100.07,210.5,128.820007,5.28,1.62,3.6,406.329987,44.57,45.130001,10.81,82.18,29.6,24.799999,14.54,112.639999,143.839996,260.559998,109.739998,95.339996,4.52,1.15,1.16,29.66,57.830002,39.150002,143.850006,156.210007
34.939999,37.369999,237.449997,35.860001,215.800003,140.100006,80.160004,57,48.509998,138.580002,154.339996,109.25,43.119999,94.5,60.57,73,87.5,184.839996,119.059998,4.6,1.33,3,366.100006,40.950001,40.974998,9.99,73.980003,25.58,22.280001,12.14,100.025002,133.449997,237.550003,98.470001,90.459999,3.3,1.05,1,27.82,53.349998,35.369999,128.089996,144.970001
34.152,37.439999,242.630005,36.779999,219.610001,135.320007,78.82,54.740002,49.290001,140.729996,157.600006,100.400002,44.290001,99.779999,62.119999,71.760002,90.139999,190,116.470001,5.05,1.42,3.3,363.01001,41.049999,42.875,9.81,77.519997,26.6,21.530001,12.8,96.18,133.940002,233.839996,104.050003,95.120003,3.03,1.05,1.01,26.299999,52.150002,37.619999,130.529999,152.279999
33.091,32.700001,213.080002,36,194,123.389999,67.900002,50.93,44.900002,135,143.100006,88.433998,40.669998,91.230003,58.93,63.369999,88.5,163.110001,109.129997,3.22,1.31,3.2,321.5,37.860001,38.549999,9.77,72.669998,24.549999,18.969999,12.1,83.150002,130.199997,209.619995,98.040001,91.400002,2.65,1.06,1,24.379999,46.939999,35.470001,119.839996,145.270004
32.080002,36.259998,203.729996,39.400002,191,122.919998,69.470001,52.990002,45.029999,135,140,79.199997,38.900002,90.519997,57.310001,62.400002,92.970001,155.300003,111.099998,3.6,1.34,3.1,307.670013,36.080002,37.735001,9.71,75.57,26.16,20.459999,12.4,80.93,144.020004,225.020004,105.360001,97.629997,2.57,1,0.85,24.18,49.16,34.57,119.07,148.100006
32,35.549999,181.380005,38.970001,180.679993,115.290001,69.309998,44.41,43.259998,135.020004,137.100006,70.101997,34.199001,86.150002,58.619999,60,93.110001,140.630005,108.519997,3.66,1.26,3,305.299988,31.790001,31.040001,9.86,77.809998,23.809999,15.95,9.34,84.099998,163,191.25,110.190002,95.790001,2.53,0.98,0.89,21.190001,45.84,32.82,106.139999,116.980003
33.939999,36.560001,187.020004,37.970001,193.389999,128.860001,72.139999,46.48,42.700001,139,144.800003,71.692001,33.589001,87.040001,60.25,64.150002,97.25,142,108.790001,3.77,1.26,3.1,316,31.280001,35.439999,10.55,81.290001,25,18.57,9.69,87.105003,153.630005,200.589996,107.269997,92.540001,3.03,0.98,0.81,21.639999,43.900002,32.790001,106.25,119.900002
38.580002,37.57,187.110001,36.23,205.130005,134.600006,73.449997,45.459999,44.48,135.860001,148,85.157997,31,86.209999,53.02,67.199997,94.160004,151.809998,109.209999,3.76,1.2,3.1,342,36.119999,38.389999,9.77,79.550003,24.67,21.67,11.91,84.779999,159,215.589996,105,89.809998,3.76,0.99,0.88,22.629999,48.27,36.990002,110.339996,124.459999
36.75,36.220001,185.839996,34.66,198.520004,134.089996,71,45.860001,43.52,132.520004,142.25,82.099998,29.950001,82.07,48.889999,60.580002,90.639999,146.339996,104.900002,3.69,1.24,3,335.119995,34.25,37.150002,9.7,77.230003,24,21.530001,12.18,83.839996,152.009995,222.669998,107.059998,81.900002,3.79,1,0.78,22.26,45.360001,37.560001,106.519997,115.379997
38.924999,39.91,207.369995,36.759998,228.050003,143.179993,78.769997,51.57,47.5,141.270004,152.570007,94.800003,34.029999,89.400002,53.049999,64,95.169998,172.009995,114.010002,3.91,1.33,3.3,406.67099,38.580002,42.580002,10.8,81.099998,25.280001,27.110001,12.9,88.739998,151.199997,250.800003,113.93,87,5,1.08,0.81,24.76,50.009998,41.990002,112.699997,129.490005
39.560001,40.52,228.309998,36.990002,243.660004,146.960007,84.790001,51.16,48.049999,144.440002,153.059998,102.222,37.650002,95.269997,55.380001,76.199997,98.5,180,117.910004,3.76,1.42,3.7,432.109985,38.27,45.674999,10.3,83.269997,26.26,27.1,12.2,92.160004,137.100006,251.949997,111.75,88.889999,5.11,1.11,0.89,27.09,52.650002,42.939999,121.839996,138.580002
39.84,40.330002,235,37.419998,250,147.729996,85.830002,53.380001,48.919998,148.369995,157.020004,102.449997,40.860001,95.635002,57.200001,80.010002,102.889999,182.5,121.559998,3.88,2.22,3.5,435.299988,41.490002,48.060001,10.48,83.690002,27.73,28.049999,12.45,92.849998,138.860001,261.609985,113.75,93.470001,4.85,1.14,0.98,28.16,58.849998,43.080002,127.139999,150.220001
38.139999,39.919998,240.399994,39.349998,248.679993,144.910004,86.220001,56.27,46.509998,149.199997,154.75,98.806,38.07,93.059998,54.75,79.510002,103.400002,186.5,120.169998,3.87,2.12,3.6,412.019989,42,47.084999,10.41,83.300003,26.68,27.440001,12.92,97.82,152.520004,251.809998,106.449997,91.309998,4.5,1.14,0.98,28.26,54.650002,40.400002,132.160004,146.520004
38.009998,39.509998,241.240005,39.689999,253.589996,146.559998,86.139999,57.84,46.77,150.009995,158.059998,98.246002,36.790001,94.370003,54.509998,81.5,104.93,187.610001,124.43,4,2.8,3.7,412.010986,43.919998,48.450001,11,83.540001,27.389999,27.908001,13.37,98.021004,156.990005,260.690002,104.650002,90.580002,4.1,1.18,0.97,29.530001,58.189999,40.299999,134.559998,148.679993
37.509998,39.970001,238.089996,40.09,257.75,142.779999,88.919998,52.049999,47.66,156.559998,164.199997,99.400002,37.380001,94.870003,55.110001,82.400002,110.260002,185.449997,126.730003,4.08,2.53,3.3,414,44.740002,50.009998,11.38,85.629997,28.9,28.891001,13.44,101.169998,148.220001,259,108.709999,93.629997,4.26,1.26,0.97,29.92,58.560001,40.400002,137.25,145.509995
36.759998,39.91,220.210007,38.91,241.279999,133.100006,81.330002,54.5,46.299999,150.820007,158.039993,95.019997,35.16,90.379997,53.619999,78.529999,109.5,175,122.510002,3.82,2.28,3.3,381.529999,43.84,47.41,11.34,87.099998,28.07,26.879999,13.12,98.419998,143.669998,247.380005,103.650002,90.080002,4.44,1.22,0.95,28.68,55.52,37.009998,129.679993,140.059998
36.07,39.509998,215.919998,38.57,242.309998,130.039993,81.099998,52.32,46.610001,150.360001,155.919998,89.279999,33.959999,90.919998,52.950001,77.160004,111.129997,174,124,3.78,2.38,3.4,334.549988,46,47.009998,11.57,87.559998,29.450001,26.799999,12.71,98.529999,147.850006,242.25,100.919998,90.379997,4.43,1.21,0.99,28.700001,52.959999,38.580002,132.860001,142.470001
35.5,39.255001,213.289993,37.080002,238.389999,131.660004,79.510002,53.07,46.779999,152.190002,150.830002,93.678001,34.75,89.879997,52.689999,77.910004,112.120003,174.940002,123.940002,3.77,2.29,3.4,345,45.360001,47.59,11.57,88.919998,30.610001,25.655001,13.09,97.834999,151.720001,242.479996,101.849998,91.120003,4.54,1.18,0.99,26.219999,54.5,37.400002,132.130005,144.839996
38.009998,40.200001,229.080002,38.189999,252.929993,138.300003,83.68,56.91,48.509998,157.580002,158.509995,99.592003,40.32,96.260002,54.48,81.209999,118.129997,185.130005,129.110001,3.84,2.33,3.5,369.299988,43.119999,50.549999,11.25,90.550003,30.51,27.309999,13.62,102.855003,163.800003,259.420013,106.449997,95.550003,5.36,1.2,1.01,28.219999,57.68,39.02,139.720001,154.380005
40.669998,41.720001,251.440002,39.639999,257.299988,144.509995,89.559998,58.259998,49.66,163.259995,166.009995,106.468002,46.93,99.900002,56.490002,84.029999,120.510002,191.850006,135.339996,3.9,2.16,3.5,374.019989,46.080002,52.41,10.94,94,30.389999,31.785,14.1,106.669998,164.009995,271,113.599998,99.43,5.1,1.25,1.01,30.299999,58.880001,42.709999,142.539993,160.009995
40.48,40.759998,257.329987,39.619999,260.600006,145,89.139999,58.990002,49.540001,163.5,167.740005,106.666,47.869999,100.75,57.32,83.610001,121.040001,191.539993,135.279999,4.06,2.24,3.6,381.309998,48.290001,52.419998,10.94,95.349998,30.1,33.470001,13.68,106.279999,162.740005,274.410004,112.379997,99.580002,5.48,1.23,1.01,30.459999,59.330002,43.610001,142.610001,161.839996
41.744999,41.505001,255.759995,41.389999,260.420013,151.679993,88.790001,56.290001,47.720001,163.330002,171.570007,111.421997,51.639999,104.779999,62.169998,85.160004,123.150002,196.5,136.100006,4.09,2.64,3.8,413,48.889999,55.189999,11.67,94.230003,30.17,32.493,13.94,109.480003,162.759995,275.119995,115.510002,101.400002,7.02,1.27,1.18,30.219999,62.490002,47.049999,144.130005,161.839996
40.529999,41.705002,250.240005,41.060001,257,150,88.660004,56.139999,47.959999,162.300003,169.449997,116.106003,51.759998,102.339996,61.669998,84.139999,113.580002,195.369995,133.270004,4.41,3.78,3.9,417.809998,47.900002,53.880001,11.75,95,30,31.610001,13.52,107.720001,161.529999,272.01001,115.010002,101.32,6.76,1.25,1.34,29.82,61.529999,46.009998,136.869995,159.199997
42.220001,43.669998,263.589996,42.52,273.890015,155.149994,91.629997,59.68,49.950001,168,176.619995,138.485992,54.700001,107.93,63.25,85.480003,114.510002,200.130005,142.029999,4.48,4.57,3.9,461.339996,48.860001,55.529999,11.85,97.339996,30.84,34,13.9,111.875,165.509995,285.049988,117.790001,102.980003,8.05,1.23,1.48,31.85,63.389999,46.34,135.160004,159.490005
41.450001,43.470001,258.549988,40.279999,275.380005,154,90.110001,57.790001,49.040001,169.240005,172.820007,142,54.950001,106.419998,57.860001,83.709999,109.800003,196.610001,144.279999,4.23,4.31,3.7,477.109985,47.27,54.689999,11.67,95.860001,30.4,32.150002,14.08,107,160.529999,275.049988,113.010002,104.949997,7.77,1.25,1.35,32.099998,61.860001,45.75,127.550003,154.800003
41.75,45.169998,263.290009,39.720001,286.549988,154.25,92.25,58.84,51.68,172.899994,172.509995,141.343994,56.639999,106.57,56.700001,84.550003,108.860001,196.820007,147.029999,4.1,5.01,3.8,502.01001,47.27,54.209999,11.57,97.099998,31.6,33.57,14.51,105.510002,157.210007,286.170013,112.510002,105.25,8.52,1.26,1.5,32.560001,63.639999,47.200001,128.509995,154.850006
43.451,45.310001,271.470001,41.689999,286.940002,157.630005,93.5,58.5,53,175.869995,176.660004,149.531998,59.759998,110.054001,60.5,88.360001,113.849998,206.160004,153.070007,4.15,4.53,3.7,539,49.32,56.740002,12.08,99.940002,33.25,35.580002,14.67,111.019997,170.889999,293.609985,117.010002,108.510002,8.79,1.27,1.38,33.389999,66.25,48.950001,133.009995,164.910004
43.900002,45,266.339996,40.759998,285.269989,160.520004,92.25,58.009998,52.560001,174.990005,176.770004,142.442001,60.299999,110.025002,59.5,87.519997,112.120003,205.360001,150.990005,4.29,4.6,3.8,584,49.09,56.779999,12.29,102.989998,32.599998,35.5,14.79,112,174.360001,291.440002,116.050003,107.970001,8.92,1.29,1.38,33.400002,64.660004,48.509998,133.759995,162.039993
42.59,42.049999,242.570007,38.889999,267.109985,148,88.080002,56.799999,50.52,166.110001,168.339996,134.757996,60.700001,107.410004,57.709999,85.089996,108.599998,199.509995,142.860001,4.03,4.55,3.7,556.01001,48.099998,56.700001,11.95,103.139999,32.540001,32.771,15.1,109.019997,177,278.570007,111.410004,105.389999,9.64,1.24,1.57,32.740002,62.720001,49.150002,132.5,163.460007
43,43.959999,255.460007,39.259998,275.399994,150.669998,90.709999,58.709999,52.41,170.820007,178.139999,137.742004,62.259998,109.910004,58.599998,86.419998,109.209999,201.139999,147.009995,4.4,5.1,3.9,603.200012,48.869999,57.470001,12.14,101.849998,32.990002,34.549999,15.36,105.720001,172.130005,288.230011,113.699997,108.029999,8.8,1.24,1.91,33.619999,63.009998,48,134.119995,164.100006
43.950001,44.639999,262.790009,39.669998,283,151.5,92.389999,60.880001,52.259998,170.910004,183.149994,140.626007,61.779999,115,60.259998,87.260002,110.949997,202.190002,149.360001,4.47,5.83,4,610.390015,49.009998,58.189999,12.38,103.690002,33.380001,35.244999,16.35,103.529999,169.979996,288.309998,114.980003,108.910004,7.9,1.25,1.85,33.939999,64.169998,50.110001,136.919998,167.169998
44.424999,44.224998,258.109985,41.200001,280.600006,151.300003,92.449997,60.639999,52,170.710007,180.830002,139.636002,63.610001,115.400002,59.68,87.650002,111.209999,203.850006,150.149994,4.46,6.11,4,605.599976,50.099998,58.560001,12.7,104.269997,33.049999,34.5,15.73,103.230003,168.589996,285.970001,115.879997,109.489998,7.51,1.25,1.93,33.900002,63.84,52.650002,135.429993,169.320007
45.279999,44.865002,262.880005,42.599998,294,154.199997,97.559998,64,52.970001,173.300003,187.410004,147,67.25,120.055,61.650002,87.309998,109.730003,214.009995,153.529999,4.55,5.81,4,623.039978,50.700001,60.73,13.28,109.68,33.330002,37.299999,16.389999,103.669998,174.630005,290.279999,122.309998,112.300003,10.45,1.27,2.11,35.330002,65.419998,55,138.110001,175.740005
43.73,43.16,259.470001,42.16,291.140015,154.179993,100.230003,65.290001,52.68,169.389999,182.559998,151.337997,66.059998,115.903,63.25,88.629997,113.370003,216.910004,151.449997,4.72,5.46,4,610.099976,51.66,62.509998,12.97,106.300003,33.380001,37.450001,15.22,108.849998,180.119995,291.089996,127.839996,112.279999,9.8,1.26,2.07,37.16,66.110001,56.75,140.860001,191.139999
44.330002,43.360001,265.170013,42.52,293.75,156.520004,102.339996,66.010002,53.43,171.880005,190,156.632004,65.769997,118.644997,64.059998,87.830002,116.529999,219.820007,152.419998,4.9,5.9,4.1,621.130005,52.799999,66.110001,12.87,107.040001,33.509998,39.189999,14.91,113.209999,182.160004,295.350006,129.529999,113.75,11.66,1.31,2.13,38.02,67.360001,52.720001,143.539993,193.860001
43.618999,42.34,254.710007,43.41,291.720001,160.009995,103.129997,64.540001,52.959999,176.229996,201.570007,152.699997,63.794998,120.620003,61.110001,86.510002,115.330002,216.520004,156.639999,4.76,5.86,4.3,623,53.310001,67.059998,12.66,106.300003,34.5,39.57,14.46,107.870003,177.389999,287.059998,129.139999,114.339996,12.11,1.32,2.15,38.220001,64.5,57.919998,142.729996,188.440002
41.669998,40.584999,229.690002,41.080002,280.839996,155.259995,98.400002,62.27,51.09,174.009995,199.050003,136.608002,61.310001,119.43,56.939999,84.809998,110.57,215.770004,148.199997,4.79,5.79,4.3,595.030029,50.529999,65.019997,11.91,103.25,34.830002,35.02,13.99,102.110001,172.320007,278.200012,118.550003,111.870003,11.81,1.26,2.13,34.48,65.690002,58.32,137.139999,181.029999
40.919998,41.279999,231.380005,40.009998,280.880005,155.080002,96.730003,60.77,51.279999,173.800003,198.759995,139.600006,63.209999,120.309998,55.75,84.309998,106.580002,215.210007,147.979996,4.63,5.77,4.4,617.01001,53.299999,65.339996,12.09,102.370003,35.040001,34.57,13.99,115.160004,171.449997,275.959991,116.459999,111.75,11.1,1.27,2.12,34.23,64.360001,57.75,130.199997,177.800003
42.299999,42.889999,239.899994,41.040001,291.290009,160.25,103.239998,62.360001,51.580002,179.899994,206.5,152.436005,70.029999,124.849998,58.310001,86.029999,108.739998,223.610001,151.610001,4.76,6.01,5,662,54.84,65,13.07,97.07,36.27,36.439999,14.37,117.339996,178.259995,284.329987,136.199997,114.660004,13.45,1.26,2.17,36.110001,67.040001,58.68,134.720001,188.470001
42.310001,42.424999,244.009995,41.169998,295.410004,162.919998,105.410004,64.339996,52,181.630005,206.660004,152.222,72.080002,126.120003,57.799999,87.43,106.699997,223.800003,154.589996,4.55,5,5,669,56.080002,68.279999,13.26,94.82,40,38.889999,15.1,129.020004,175.550003,290.790009,140.740005,114.599998,13.59,1.29,2.35,36.25,69.769997,59.349998,131.389999,187.589996
45.119999,43.868999,247.100006,42.779999,301.320007,166.020004,105.779999,65.82,52.099998,182.580002,209.039993,154.470001,73.309998,139.279999,57.389999,88.379997,106.779999,226.419998,157.279999,4.49,5.33,5,715,57.310001,70.470001,12.83,96.639999,41.23,39.580002,16.23,130.5,182.910004,294.549988,143.130005,116.150002,15.45,1.32,2.37,37.380001,70.660004,60.75,134.059998,190.229996
47.740002,45.599998,252.059998,43.310001,306.390015,171.149994,107.010002,65.720001,52.470001,183.360001,210.850006,157.401993,75.389999,142.110001,60.200001,89.589996,108.300003,231.149994,158.690002,4.54,5.33,5.1,703,58.66,70.739998,13.03,96.699997,41.529999,43.349998,16.450001,133,167.570007,299.440002,149.559998,115.620003,15.66,1.39,2.15,38.619999,70.599998,62.16,136.720001,191.899994
49.060001,46.676998,259.100006,42.77,311.149994,174.160004,108.610001,64.860001,52.380001,182.850006,210.369995,157,79.629997,142.179993,62.880001,89.139999,108.18,231.25,158.339996,4.95,5.27,5.1,703.780029,58.23,71.959999,13.22,96.980003,43.150002,46.349998,16.059999,133.550003,168.009995,298.350006,146.470001,115.589996,15.75,1.52,2.29,38.169998,70.660004,63.68,132.559998,188.899994
49.560001,46.599998,255.710007,43.02,311.709991,177.009995,108.150002,65.25,51.080002,182.300003,210,161.600006,78.900002,140.910004,59.009998,88.150002,105,232.899994,158.509995,6.06,5.66,5.2,733.950012,57.360001,70.879997,13.55,101.589996,45,51.669998,15.93,131.839996,169.779999,296.23999,151.330002,117.849998,17.33,1.54,2.26,38.27,68.339996,63.029999,129.940002,188.490005
47.875999,47.18,241.779999,40.630001,303.790009,166.270004,104.169998,61.669998,50.48,176.539993,202.110001,152.660004,76.889999,139.610001,57.77,85.199997,102.550003,228.539993,153.979996,5.6,5.15,5,717.289978,55.150002,70.559998,13.24,99.900002,44.25,47.77,16.6,128.220001,157.839996,290.75,143.289993,112.620003,17.459999,1.47,2.13,37.68,62.459999,61.060001,124.5,183.889999
47.560001,46.369999,240.339996,39.810001,307.5,164.570007,102.32,61.34,49.790001,175.679993,200.690002,152.800003,79.739998,141.429993,56.169998,84.110001,100.220001,226.199997,153.669998,5.67,5.35,5,733,54.23,69.019997,13.27,98.889999,43.810001,48.209999,16.110001,127.139999,154.630005,283.309998,139.699997,110.739998,18.049999,1.44,2.13,36.970001,60.98,61.040001,117.849998,183.669998
48.380001,48.759998,248.809998,40.93,314.959991,166.179993,103.699997,57.18,49.380001,177,204.119995,157.309998,80.610001,141.630005,59.419998,84.879997,104.279999,232.699997,151.520004,6.3,5.76,5.2,751.25,55.799999,69.629997,13.71,99.669998,44.57,55.459999,16.030001,128.770004,158,290.100006,141.020004,112.980003,15.96,1.43,2.06,37.029999,64.099998,62.119999,124.690002,188.389999
49.450001,51.869999,253.460007,43.630001,347.220001,172.130005,108.980003,60.389999,50.77,183.960007,210.940002,160.776001,78.029999,145.990005,63.25,89.879997,112.010002,244.039993,158.600006,6.52,5.77,5.9,733,58.73,74.989998,14.23,102.580002,46.130001,58.653999,16.809999,136,166.589996,297.660004,149.809998,118.089996,14.69,1.42,2.06,38.299999,66.580002,65.150002,130.509995,201.289993
49.68,54.23,256.410004,44.110001,350.51001,172.75,112.349998,60.52,50.799999,183.490005,212.830002,161.216003,76.010002,145.220001,63,90.82,112.010002,237.800003,160.529999,6.94,5.73,6.1,713.190002,58.939999,75.68,14.27,100.379997,45.669998,63.790001,14.73,135.169998,166.630005,303.730011,149.080002,119.010002,15.21,1.45,2.15,38.619999,68.580002,67.709999,135.440002,202.600006
45,50.889999,267.119995,45.349998,355.549988,174.899994,113.620003,61.360001,50.5,183.940002,223.190002,162.360001,73.330002,147.899994,65.010002,92.699997,113.050003,234.949997,164.199997,7.73,5.95,6.5,751.73999,60.360001,78.050003,14.68,101.360001,46.900002,53.459999,15.19,138.309998,167.419998,317.549988,156.369995,120.5,17.02,1.5,2.28,39.689999,69.510002,69.519997,138.110001,203.800003
44.959999,51.470001,260,44.860001,349.5,174.929993,113.919998,62.200001,50.689999,183.289993,231.199997,159.199997,73.110001,148.039993,67.410004,92.370003,113.82,235.789993,164.860001,8.01,5.51,5.2,782.070007,61.740002,77.220001,14.77,100.040001,47.25,53.139999,14.37,141.182999,172.130005,317.299988,154.910004,117.68,17.41,1.5,2.17,39.639999,69.660004,70,141.070007,203.309998
45.18,49.330002,257.630005,44.080002,348.529999,175.449997,113.139999,61.580002,49.610001,182.539993,228.740005,162.399994,73.403,147.360001,66.870003,93.349998,111.470001,238.660004,167.059998,8.34,5.76,5.6,793.640015,62.810001,77.75,15.48,100.349998,47.73,50.959999,13.89,143.889999,170.020004,314.320007,153.869995,116.220001,17.299999,1.48,2.2,39.950001,69.089996,71.089996,138.759995,200.559998
47.244999,52.18,265.839996,44.889999,346.880005,176.220001,117.389999,63.09,50.790001,181.100006,231.669998,163.141998,73.07,146.289993,70.510002,95.279999,115.980003,242.070007,168.330002,9.2,5.81,5.3,742.369995,64.599998,76.32,15.48,102.010002,49.02,56.792,14.56,147.520004,171.429993,319.380005,152.649994,116.760002,16.67,1.53,2.3,41.09,70.610001,74.75,144.460007,207.75
47.779999,49.919998,258.209991,44.919998,319.869995,171.369995,114.589996,61.099998,50.75,176.600006,221.130005,157,69.349998,140.020004,74.040001,97.620003,119.529999,240.779999,163,8.81,5.6,5.3,685,65.269997,72.360001,14.76,100.400002,46.509998,53,14.87,145.240005,170.009995,311.109985,149.350006,116.019997,16.040001,1.46,2.2,39.880001,72.010002,72.870003,150.529999,214.020004
46.720001,50.639999,265.369995,44,335.170013,177.100006,114.730003,61.970001,50.099998,180.380005,224,160.337997,75.309998,144.509995,75.550003,98.25,120.279999,244.429993,169.440002,8.62,5.63,5.3,727.825012,66.510002,73.57,15.14,111.760002,48.5,57.639999,14.11,147.580002,171.850006,319.410004,151.690002,117.129997,16.57,1.47,2.26,39.790001,74.769997,72.010002,152.130005,216.020004
45.779999,51.060001,266.089996,43.529999,339.399994,170.690002,114.790001,61.400002,49.860001,180.410004,222.880005,160.841995,78.400002,148.929993,74.349998,96.93,117.57,244.729996,175.229996,8.51,5.85,5.5,738,66.720001,76.400002,14.62,114.019997,48.950001,56.25,14.04,146.009995,172.160004,324.23999,150.449997,118.080002,16.32,1.49,2.29,39.549999,74.120003,71.379997,147.869995,212.639999
47.669998,53.380001,269.859985,42.669998,347.579987,172.679993,116.809998,62.77,50.540001,181.460007,223.5,170.820007,78.339996,153.050003,76.519997,97.889999,117.610001,245.869995,180.100006,8.83,6.09,5.6,739.52002,67.370003,76.529999,14.76,117.260002,49.209999,60.009998,14.19,147.501007,174.410004,323.5,154,120.110001,18.25,1.52,2.23,39.82,76.260002,73.669998,147.399994,213.75
50.242001,54.77,267.100006,42.48,346.320007,171.220001,118.68,62.419998,51.290001,181.350006,226.559998,174.199997,78.07,154.610001,77.029999,98.82,121.279999,247,179.830002,8.64,6.86,5.7,744,68.940002,76.059998,14.12,114.419998,48.09,59.5,14.48,148.649994,175.669998,328.769989,157.229996,121.779999,19.42,1.51,2.22,39.630001,78.129997,74.209999,150.119995,215.029999
51.57,55.799999,275.549988,44.169998,348,172.839996,124.760002,67.199997,52.419998,183.580002,228.529999,176.020004,79.339996,155.119995,78.849998,101.120003,125.010002,250.389999,181.880005,8.61,7.02,5.6,758.379028,70.440002,77.724998,14.26,113.610001,48.630001,61.299999,14.15,149.110001,178.679993,338.850006,161.139999,123.43,19.540001,1.5,2.3,41.599998,79.110001,76.550003,155.059998,217.619995
54.919998,55.849998,283.160004,44.869999,347.100006,170,126.160004,66.540001,53.029999,182.300003,224.610001,171.688004,79.540001,153.634995,77.730003,100.470001,124.739998,247.470001,180.199997,8.51,6.65,5.4,726.034973,70.589996,75.739998,14,112.760002,46.790001,62.73,13.82,152.410004,178.179993,347,160.009995,122.949997,21.32,1.5,2.3,41.439999,79.669998,80.07,156.080002,218.039993
56.290001,57.669998,299.380005,46.27,348.320007,167,130.5,68.709999,55.060001,182.009995,225.309998,173.240005,76.029999,150,80.779999,102.129997,133.389999,250.380005,179.009995,9.23,6.8,5.3,702.02002,71.639999,74.440002,14.06,112.629997,47.049999,61.57,12.67,156.130005,180.369995,356.160004,164.270004,124.849998,20.639999,1.5,2.36,43.52,81.040001,79.080002,165.649994,224.979996
59.556999,58.049999,296.209991,48.48,347.429993,172.660004,132.759995,67.629997,54.709999,184.440002,227.410004,181.832001,74.82,153.110001,84.25,102.709999,135.320007,252.259995,179.809998,9.45,6.84,5.8,708.01001,71.790001,73.389999,13.81,114.610001,47.84,55.560001,13.36,157.25,184.639999,343.109985,165.020004,125.099998,20.93,1.5,2.59,43.029999,82.510002,80.190002,166.809998,224.119995
58.040001,58.43,293.109985,46.669998,350.049988,173.529999,132.110001,67.230003,54.950001,187.259995,230.410004,184.785995,76.080002,155.595001,84.07,102.43,133.210007,253.860001,186.179993,9.2,6.46,6,733.25,70.139999,74.519997,14.65,115.779999,48.110001,55.66,12.97,157.869995,182.940002,345.179993,160.5,123.279999,21,1.51,2.71,41.900002,81.440002,78.360001,163.130005,219.410004
59.48,59.57,299.450012,45.950001,366.140015,176.050003,131.639999,66.269997,56.82,191.009995,235.279999,196.5,78.510002,157.600006,83.699997,101.709999,130.559998,254.220001,187.309998,9.26,6.38,6.2,732.51001,68.779999,74.32,14.97,115.349998,48.040001,55.799999,13.32,157.110001,181.919998,347.709991,165.070007,121.010002,22.629999,1.51,3.09,43.700001,80.910004,79.410004,160.960007,217.860001
57.080002,56.740002,281.880005,41.110001,351.440002,172,123.059998,62.360001,55.009998,186.070007,223.550003,194.399994,76.714996,152.914993,74.019997,94.879997,121.519997,238.740005,179.279999,8.61,6.49,5.7,724,66.709999,67.970001,14.69,109.660004,45.650002,54.619999,14.08,151.25,176.649994,332.799988,155.490005,117.199997,19.16,1.48,3.06,39.110001,72.269997,73.809998,150.690002,205.669998
56.169998,56.599998,276.660004,41.23,348.130005,171.860001,123.5,60.59,55.349998,185.179993,224.5,182.520004,76.620003,151.889999,75.360001,94.739998,119.349998,237.050003,176.520004,8.77,6.42,5.9,713.22998,66.199997,68.919998,14.12,107.389999,45.009998,53.830002,14.21,148.740005,174.610001,337.25,153.449997,118.360001,19.01,1.47,3.1,38.549999,73.300003,73.639999,150.520004,202.070007
57.009998,56.799999,274.51001,41.119999,349.75,171.270004,122.830002,60.509998,54.52,184.009995,224.800003,181.699997,79.059998,152.220001,74,93.440002,118.010002,234.309998,176.149994,8.76,6.5,6,769.86499,66.360001,68.860001,14.31,107.75,45.279999,53.209999,14.21,148.009995,173.320007,336.630005,151.429993,119.400002,18.84,1.5,2.83,38.16,73.410004,78.5,148.119995,200.600006
60.259998,58.299999,299.670013,43.419998,353.549988,178.009995,125.790001,62.849998,55.540001,191.460007,233,192.477997,82.25,158.300003,77.260002,97.720001,126.389999,242.869995,184.220001,9.01,6.63,6.5,787.5,71.720001,70.410004,15.23,109.830002,47.279999,57.669998,14.53,154.529999,178.550003,347.040009,160.610001,124.25,21.700001,1.52,2.96,41.400002,78.309998,78.220001,155.559998,209.089996
61.226002,61.07,307.619995,42.950001,362.809998,180.679993,129.179993,63.630001,55.889999,193.690002,231.729996,196.514008,84.800003,161.660004,78.82,98.889999,127.760002,250.080002,187.119995,9.24,7.02,6.8,810.590027,72.419998,70.93,15.63,113.93,47.970001,59.02,14.84,156.119995,178.830002,360.410004,160.699997,125.050003,22.23,1.52,2.97,42.040001,79.07,82.010002,154.860001,210.759995
61.709999,59.52,312.529999,42.150002,364.579987,181.619995,128.320007,62.380001,55.790001,194,232.149994,198.893997,85.120003,164.309998,77.540001,97.849998,126.699997,247.130005,188.130005,9.35,7.3,7.7,830.5,72.220001,70.309998,15.52,114.150002,47.970001,59.790001,16.07,151.740005,180.399994,356.519989,161.169998,125.040001,21.85,1.63,2.77,42.450001,78.25,81.559998,153.610001,207.820007
62.040001,58.549999,313.540009,42.07,369.089996,185.490005,126.510002,61.279999,55.27,194.369995,235.550003,198.268005,87.07,164.009995,77.629997,95.779999,125.730003,246.380005,184.399994,9.94,8.03,7,866,72.32,70.959999,15.77,116.199997,48.98,59.93,16.74,152.380005,181.460007,359.589996,161.990005,123.269997,22.049999,1.61,2.82,42.060001,77.790001,80.459999,153.539993,207.169998
62.439999,57.939999,307.059998,41.639999,370.929993,187,125.32,60.700001,55.32,195.229996,236.910004,198.003998,95.529999,165.550003,74.660004,96.019997,124.599998,245.509995,184.520004,9.78,8.01,6.4,892.109985,72.370003,70.699997,16.719999,116.830002,49.970001,57.189999,19.6,152.029999,182.199997,359.820007,157.850006,123.18,25.01,1.6,2.81,40.66,77.220001,81,151.75,206.899994
63.259998,59.139999,312.5,42.32,376.299988,188.589996,127.589996,61.5,56.529999,201.429993,239.860001,198.802002,97.209999,170.399994,76.010002,100.709999,125.830002,250.130005,192.270004,10.16,8.33,6.6,907.26001,74.919998,71.110001,17,115.059998,52.73,59.349998,21.200001,151.369995,183.720001,366.549988,160.880005,124.449997,25.23,1.64,3.03,42.610001,79.449997,83.550003,153.690002,208.580002
62.259998,58.580002,303.970001,40.93,365.779999,184.039993,125.019997,58.68,56.16,196.559998,232.679993,190.628006,96.529999,164.289993,72.389999,98.089996,121.830002,242.729996,187.350006,10.29,7.96,6.7,868,73.349998,69.519997,16.540001,111.360001,52.919998,60.02,21.809999,148.880005,182.009995,359.529999,156.889999,122.440002,25.5,1.56,2.87,42.200001,76.839996,79.68,149.119995,202.970001
63.220001,58.82,300.609985,39.959999,367.290009,184.440002,124.800003,57.810001,55.950001,195.470001,232.740005,187.429993,96.57,168.190002,72.589996,98.800003,120.800003,242.199997,185.600006,10.3,8.26,6.9,873.244995,73.459999,72.019997,16.59,110.75,54.68,61.18,21.93,145.270004,181.199997,358.579987,153.419998,121.050003,25.65,1.6,2.93,42.240002,75.650002,79.25,148.289993,202.020004
63.380001,58.950001,300.359985,42.630001,365,183.020004,124.900002,55.59,56.209999,194.880005,215.399994,190.973999,100.175003,168.600006,73.199997,93.57,121.449997,240.25,187.330002,10.71,8.26,6.5,894,74.580002,71.089996,16.52,110.540001,54.709999,59.610001,23.18,144.309998,184.899994,361,154.690002,124.360001,25.4,1.63,2.95,42.009998,75.459999,79.379997,148.190002,202.899994
62.720001,58.25,300.609985,43.099998,356,180,123.410004,56.5,55.66,193.550003,207.110001,189.703995,98.800003,165.559998,75.029999,93.699997,123.279999,240.339996,186.320007,10.51,8.33,6.4,876.429993,73.669998,71.419998,16.559999,110.580002,54.790001,56.23,24.25,141.854004,187.520004,358.109985,154.259995,122.769997,27.08,1.63,2.97,42.099998,74.18,81.099998,150.320007,205.339996
63.450001,59.209999,308.929993,43.77,370.660004,183.130005,125.419998,58.18,56.189999,197.740005,218.470001,200.746002,102.709999,169.410004,75.739998,95.639999,124.010002,246.089996,188.360001,11.27,9.16,6.9,922,73.629997,71.269997,16.59,110.699997,54.610001,57.220001,23.290001,154.110001,186.789993,362.190002,157.529999,124.699997,27.32,1.65,3.07,42.82,75.739998,83.459999,152.119995,208.889999
64.5,59.610001,316.119995,43.389999,376.519989,187.460007,125.800003,58.599998,56.759998,201.770004,227.559998,216.100006,105.5,172.559998,75.269997,97.110001,125.879997,246.929993,193.199997,10.55,8.76,6.8,948.01001,75.169998,72.709999,16.790001,110.959999,54.139999,59.210999,23.790001,155.899994,189.270004,365.269989,155.419998,125.480003,27.83,1.62,3.2,43.450001,77.360001,82.169998,155.339996,209.309998
66.581001,60.799999,318.640015,43.470001,383.130005,192.289993,127.290001,58.48,57.950001,205,232.610001,237.119995,109.18,176.720001,77.639999,98.019997,127.190002,247.919998,196.669998,10.8,9.26,6.8,1022,75.830002,72.57,16.84,111.720001,54.650002,63.470001,25.290001,153.070007,189.809998,372.410004,156.539993,127.629997,30.83,1.61,3.2,43.810001,78.07,85.389999,157.520004,210.660004
67.830002,62.5,328.980011,43.939999,388.5,193.839996,130.220001,60.150002,60.560001,208.089996,232.270004,253.207993,111.510002,174.460007,79.389999,99.040001,128.169998,247.039993,198.779999,10.88,9.47,6.9,983.64801,75.050003,72.800003,16.610001,112.419998,55.470001,70.769997,26.02,154.210007,189.899994,383.5,161.389999,128.009995,35.110001,1.63,3.22,44.560001,78.650002,84.739998,158.410004,212.589996
67.410004,61.630001,327.5,42.700001,394.029999,196.210007,132.149994,59.779999,60.68,207.990005,238.820007,267.34201,110.794998,176.309998,77.620003,96.919998,126.800003,247.070007,197.490005,10.76,10.11,6.9,973,74.169998,72.529999,16.32,112.290001,57.200001,72.745003,26.1,153.929001,187.25,381.869995,161.710007,126.980003,39.049999,1.64,3.02,43.66,76.419998,85.199997,157.649994,210.970001
67.860001,62.919998,329.390015,42.759998,398.619995,197.350006,130.580002,65.809998,61.5,208.690002,236.589996,262.268005,109.485001,178.5,76.449997,96.959999,126.470001,246.220001,198.940002,11.81,9.91,7,1002.544983,73.849998,73.910004,16.5,107.940002,57.630001,77.850998,27.450001,154.520004,189.429993,386.890015,160.050003,127.459999,40.509998,1.6,2.88,43.52,76.760002,85.510002,156.850006,210.75
68.559998,65.620003,331.049988,42.23,409.339996,195.639999,129.770004,64.709999,62.889999,211.470001,239.240005,270.256012,111.769997,179.149994,74.779999,96.370003,125.120003,246.350006,200.789993,12.25,10.13,6.9,1012.940002,74.389999,76.209999,16.52,106.239998,56.889999,82.309998,28.309999,152.929993,183.860001,386.100006,160.740005,126.169998,41.599998,1.64,3,44.290001,81.300003,85.239998,156.100006,209.449997
69.5,64.550003,330.649994,41.959999,415.149994,197.080002,129.720001,64.879997,63.189999,211.080002,239.320007,275.201996,109.849998,177.130005,75.339996,95.720001,125.82,246.639999,196.800003,12.62,10.09,6.9,1018.130005,73.559998,77.25,16.360001,107.769997,56.34,79.82,26.700001,153.345001,189.429993,391.950012,160.990005,124.830002,43.709999,1.68,3.06,44.779999,82.589996,83.120003,157.039993,208.039993
67.635002,62.110001,336.850006,43.279999,401,188.029999,128.820007,64.459999,64.980003,206.5,238.419998,294.221985,103.339996,170.740005,80.150002,96.260002,128.850006,249.089996,193.619995,12.92,10.14,6.5,935.140015,71.089996,76.959999,15.76,106.400002,55.299999,82.110001,24.48,156.220001,191.729996,387.869995,159.070007,124.639999,41.259998,1.66,2.61,44.459999,78.169998,81.660004,161.660004,210.210007
66.309998,59.959999,331.399994,42.470001,391.420013,183.300003,126.529999,63.630001,65.330002,202.029999,232.029999,286.200012,99.169998,164.330002,80.919998,95.510002,129.229996,248.460007,188.820007,12.05,9.59,6.4,901.73999,69.389999,76.279999,15.68,105.669998,54.27,82.748001,23.809999,153.160004,191.580002,385.410004,156.539993,123.870003,38.52,1.65,2.8,43.580002,76.150002,79.879997,162.300003,210.940002
68.540001,61.599998,335.609985,43.689999,402.230011,186.75,129.009995,66.290001,65.160004,205.029999,238.050003,291.399994,99.129997,169.009995,85.150002,97.309998,137.110001,255.149994,192.339996,13.21,9.91,6.4,934,71.580002,80.459999,16.27,108.360001,55.880001,80.379997,24.299999,157.389999,196.839996,372.51001,165.460007,127.309998,41.810001,1.68,2.98,44.959999,78.830002,83,169.830002,217.240005
68.169998,59.41,338.890015,43.880001,395.820007,181.929993,129.130005,66.059998,64.32,202.309998,236.330002,293.200012,99.410004,166.5,85.440002,97.040001,137.600006,256,189.630005,13.66,9.8,6.4,915.400024,70.730003,82.810997,16.09,108.010002,56.360001,74.309998,23.5,157.860001,200.080002,372.820007,167.490005,127.120003,42.389999,1.94,3,44.130001,79.309998,83.879997,170.899994,220.580002
68.955002,61.599998,341.149994,44.139999,403.51001,183.360001,131.809998,68.629997,66.370003,201.389999,237.860001,298,101.129997,169.539993,86.93,96.040001,136.529999,257.720001,192.639999,13.81,9.83,6.4,906.049988,71.370003,83.059998,16.370001,107.849998,56.970001,77.260002,23.73,158.309998,201.369995,380.109985,170.979996,128,44.630001,2.1,3.12,43.990002,79.989998,84,173.360001,224.229996
71.080002,62.27,342.01001,43.84,406.269989,187.270004,133.830002,70.32,65.800003,203.009995,235.639999,297.600006,102.839996,172.679993,86.650002,95.110001,134.259995,258.019989,196.020004,13.58,10.16,6.6,918.210022,72.919998,85.154999,16.450001,109.480003,57.830002,79.050003,23.959999,161.669998,201.559998,382.079987,175.050003,128.330002,48.32,2.13,3.01,45.02,81.059998,83.040001,172.699997,221.419998
72.529999,61.68,352.339996,45.029999,411.470001,189.479996,136.669998,76.730003,67.709999,208.029999,240.080002,311.600006,103.760002,174.320007,87.029999,96.099998,134.429993,260.720001,198.899994,14.1,10.75,6.5,948.210022,74.18,85.32,16.49,106.510002,58.07,84.110001,22.83,162.520004,204.669998,383.160004,179.639999,129.139999,50.25,2.13,3.13,45.669998,83,83.879997,173.369995,224.190002
72.410004,60.869999,356.5,44.970001,411.660004,188.869995,135.199997,77.080002,68.029999,208.389999,238.119995,312.399994,102.660004,175.729996,86.669998,97.910004,135.190002,262,198.389999,14.16,10.75,6.5,940,73.629997,84.264999,16.129999,104.769997,59.110001,85.900002,22.1,163.429993,205.119995,389.75,176.320007,129.550003,52.380001,2.15,3.13,45.810001,83.510002,78.660004,174.110001,224.869995
71.209999,59.919998,350.910004,44.459999,401.25,187.509995,134.490005,77.239998,66.75,202.149994,231.75,296.153992,100.699997,171.940002,86.970001,97.720001,135.710007,261.799988,196.919998,14.31,10.51,6.6,911.119995,72.519997,83.089996,16.15,104.519997,58.360001,86.82,21.969999,164.031998,206.580002,381.890015,177.410004,129.300003,51,2,3.25,45.369999,82.870003,73.610001,175.410004,225.130005
67.209999,58.759998,336.279999,43.060001,391.079987,184.380005,128.559998,76.18,71.349998,197.509995,226.899994,273.308014,97.5,169.080002,86.199997,97.699997,136.850006,262.98999,190.919998,13.2,9.96,6.5,883.179993,71.25,80.839996,15.76,100.830002,56.200001,78.610001,21.049999,163.772003,204.050003,366.769989,173.059998,128.619995,48.389999,2.04,3.07,43.27,80.739998,71.110001,174.809998,225.119995
66.050003,60.919998,346.679993,42.73,408.709991,188.649994,132.320007,78.099998,80.43,200.860001,230.830002,282.600006,101.589996,172.389999,83.849998,96.889999,137.059998,265.089996,194.119995,13.87,9.97,6.5,935.140015,71.779999,82,16.08,102.18,58.060001,83.260002,21.9,165.119995,203.940002,376.26001,175.009995,130.639999,53.560001,2.06,3.33,43.830002,81.010002,71.57,172.910004,225.139999
66.089996,61.290001,348.600006,42.82,408.369995,189.050003,134.460007,77.290001,76.489998,201.740005,229.830002,294.884003,101.989998,176.009995,83.610001,96.160004,137.919998,264.670013,194.369995,14.6,10.12,6.5,975.169983,71.93,80.639999,15.91,104.790001,58.669998,83.739998,22.690001,164.369995,206.199997,376.190002,180.119995,131.850006,57.599998,2,3.54,44.599998,82.089996,70.760002,174.649994,217.210007
66.720001,61.73,349,41.389999,413.880005,189.75,134.589996,77.040001,77.059998,202.009995,230.309998,297.399994,104,178.270004,81.959999,96.300003,137.800003,264.170013,196,14.82,10.3,6.7,1038,72.25,81.169998,15.73,104.290001,59.330002,83.699997,22.360001,164.770004,208.070007,361.690002,180.690002,132.160004,56.66,2.05,3.7,44.990002,83,71.290001,176.009995,219.059998
67.510002,61.57,367.079987,41.459999,411.809998,187.369995,134.800003,77.529999,78.610001,199.570007,229,294.200012,107.529999,189.130997,81.050003,95.800003,135.970001,261.549988,193.899994,14.4,10.16,6.8,1003.005005,72.559998,85.510002,15.92,104.519997,60.110001,86.559998,21.65,164.809998,208.679993,354.859985,176.860001,132.309998,64.160004,2.09,3.73,45.110001,82.120003,71.129997,176.279999,215.029999
67.889999,62.389999,369.290009,42.049999,417.320007,190.669998,141.25,78.040001,77.510002,199.009995,249,284.196014,114.292,191.690002,80.5,96.300003,130.210007,260.609985,194.929993,14.3,10.14,7,1012.109985,71.449997,86.010002,14.86,101.260002,60.299999,91.760002,21.379999,169,205.779999,350.73999,177.059998,132.710007,72.25,2.28,4.09,49.009998,83.739998,71.760002,173.360001,214.5
56.240002,63.939999,379.179993,42.490002,428.609985,196.570007,146.559998,79.699997,77.410004,210.440002,250.330002,288.876007,121,195.220001,82.089996,97.82,131.100006,265.670013,200.020004,14.32,10.35,7,1028.959961,73.360001,88.010002,14.52,101.75,61.880001,98.5,21.950001,193.544998,211.449997,359.820007,178.960007,135.009995,76.370003,2.9,4.23,52.560001,85.769997,72.370003,175.830002,218.160004
58.310001,64.059998,380.220001,42.610001,436.23999,198.899994,142.960007,81.190002,78.739998,210.309998,247.429993,292.399994,124.610001,195.520996,82.389999,96.550003,130.669998,263.839996,199.449997,13.91,10.81,7.2,1054,73.57,87.349998,15.3,103.139999,60.82,105.598,24.08,190.080994,212.369995,368.200012,161.050003,135.759995,79.339996,2.92,4.37,55.18,85.370003,72.18,176.630005,217.699997
59.799999,63.900002,382.279999,42.810001,446.649994,201.580002,143.449997,81.970001,80.57,211.570007,247.770004,293.661987,130.360001,198.089996,86.239998,97.080002,132.610001,265.890015,200.759995,14.42,11.05,7.4,1070.109985,74.769997,87.550003,13.06,102.260002,70,103.190002,26.309999,196.009995,213.419998,366.709991,165.119995,134.539993,81.599998,3.01,4.54,55.43,87,73.57,179.949997,219.919998
58.709999,63.549999,370.790009,41.880001,447.149994,202.399994,145.089996,83.599998,80.220001,211.550003,248.669998,295.451996,126.57,198.880005,82.32,100.029999,133.699997,266.529999,198.899994,17.5,11.11,7.9,1068.756958,75.410004,87.830002,13.93,102,69.199997,103.650002,25,202.800003,215.679993,364.179993,163.570007,134.179993,89.559998,2.76,3.12,55.650002,87.050003,72.660004,180.25,220.679993
59.450001,60.740002,366.450012,41.509998,441.5,198.580002,142.399994,87.400002,79.410004,210.929993,263.429993,283.002014,131,196.699997,82.650002,99.889999,132.520004,269.809998,196.139999,20.139999,11.28,7.9,1030.271973,75.790001,86.849998,13.78,102.309998,71.599998,99.790001,22.92,202.330002,215.509995,362.329987,161.220001,134.300003,93.099998,2.8,2.8,55.380001,86.029999,71.199997,179.860001,220.600006
57.830002,59.900002,369.149994,42.740002,434.26001,195.720001,141,84.660004,79.220001,206.350006,259.690002,277.167999,131.110001,191.690002,85.169998,102.400002,135.679993,271.799988,194.399994,19.57,11.84,8.2,987.409973,74.739998,86.730003,13.74,101.110001,75.419998,96.059998,21.33,201.059998,215.220001,359.540009,157.389999,135.300003,94.349998,2.8,2.86,55.240002,84.809998,69.199997,184.399994,224.029999
57.459999,60.849998,367.390015,43.360001,431.829987,191.720001,140.770004,83.419998,77.940002,203.139999,255.130005,273,127.169998,186.520004,88.5,104.860001,142.289993,274.410004,190.5,18.110001,13.26,8.6,964.73999,76.82,84.690002,13.46,101.099998,70.760002,97,21.82,196.429993,217.279999,360.660004,156.470001,138.740005,85.68,2.8,2.86,54.360001,84.639999,70.220001,192.210007,230.020004
57.200001,61.639999,369.929993,42.93,438.329987,192.119995,141.350006,84.099998,77.730003,204.75,258.109985,287,121.800003,189.399994,90.209999,103.379997,141.330002,276.959991,191.039993,19.25,13.65,8.6,980,74.68,85.110001,13.16,100.779999,71.790001,96.5,23.469999,193.179993,216.100006,365.640015,159.020004,138.889999,85.510002,2.84,2.86,54.669998,85.129997,69.760002,189.589996,231.970001
56.16,62.18,374.380005,41.439999,454.230011,193.229996,146.800003,84.900002,77.830002,208.149994,259.570007,313.451996,122.564003,191.479996,89.599998,105.199997,139.770004,279.73999,194.139999,20.110001,13.51,8.8,987,76.519997,87.129997,13.34,101.739998,71.709999,103.040001,23.67,192.360001,212.679993,373,158.600006,138.130005,90.290001,2.9,2.91,55.209999,85.919998,70.379997,188.449997,232.509995
56.540001,60.942001,373,41.34,457.619995,192.520004,145.5,84.010002,78.050003,207.509995,258.679993,325.328003,127.519997,190.509995,90.970001,105.459999,138.770004,279.190002,195.460007,20.879999,13.56,6.7,978.5,76.949997,86.57,13.6,101.169998,72.029999,103.120003,22.469999,195.544998,215.789993,369.670013,157.5,138.470001,90.709999,2.86,2.9,54.75,86.860001,70.449997,188.429993,231.25
56.400002,62.599998,372.809998,40.939999,472.690002,194.419998,144.639999,84.769997,79.660004,208.919998,259.399994,334.56601,128.565002,193.25,91.360001,105.120003,138.300003,283.570007,197.25,21.629999,13.27,6.5,995.513977,77.290001,87.239998,13.62,102.089996,72.57,103.379997,22.9,196.580002,215,376.25,159.289993,137.679993,99.419998,2.99,2.91,54.93,87.849998,71.019997,191.199997,232.550003
56.470001,68.139999,372.929993,40.080002,483.450012,199,143.070007,83.75,79.25,209.210007,259.26001,369.022003,128.279999,194,91.349998,105.470001,138.080002,283.040009,199.309998,22.02,13.1,6.4,993.169983,78.440002,87.720001,13.5,102.160004,71.400002,102.5,23.75,196.929993,217.589996,376.98999,154.449997,138.479996,110,2.9,2.9,52.970001,88.690002,71.900002,191.899994,232.369995
56.650002,70.800003,368.26001,40.91,483.920013,200.029999,141.429993,83.370003,78.25,209.25,261.350006,368.242004,128.610001,191.919998,91.760002,107.349998,137.460007,281.929993,197.470001,23.25,12.8,6,1003,77.639999,86.940002,13.64,101.290001,72.110001,98,22.16,198.009995,220.080002,373.959991,153.449997,136.990005,115,2.95,2.63,51.380001,88.459999,72.610001,191.940002,227.320007
57.740002,71.029999,355.269989,40.810001,475.149994,203.509995,139.360001,80.720001,75.980003,208.910004,261.459991,371.411987,129.029999,191.509995,89.599998,107.349998,135.649994,279.440002,202.100006,22.25,12.1,5.5,999.189026,77.540001,85.510002,13.53,100.25,73.610001,95.426003,22.25,196.089996,220.100006,368.380005,149.809998,136.800003,118.419998,2.91,2.55,50.700001,87.610001,72.230003,189.380005,226.029999
58.139999,73.860001,350.329987,40.84,487.809998,206.25,139.399994,80.720001,77.860001,212.850006,266.420013,405.01001,128.509995,196.220001,89.120003,107.75,136.800003,278.420013,207.289993,20.639999,11.33,5.4,1015,77.360001,85.690002,12.81,99.910004,74.279999,94.989998,22.1,202.729996,210.149994,365.540009,149.509995,136.460007,117.400002,2.87,2.48,50.41,86.739998,73.360001,196,226.429993
57.91,75.010002,347.320007,41.290001,500.299988,205.149994,141.020004,86.139999,78.489998,212.429993,268.769989,385.503998,127.830002,196.570007,89.610001,109.900002,139.080002,281.920013,210.559998,19.639999,10.95,5.1,988.880005,78.309998,87.980003,12.59,100.75,73.050003,93.849998,21.52,202.009995,206.589996,374.529999,150.559998,136.919998,113.160004,2.92,2.38,50.580002,86.349998,74.160004,202.660004,227.649994
58.259998,76.339996,350.5,41.27,502.950012,210.800003,141.410004,85.660004,79.470001,213.100006,270.26001,393.600006,124.153,196.240005,90.690002,111.089996,140.539993,283.890015,211.770004,20.959999,10.68,5.5,991,78.529999,87.529999,12.71,101.540001,72.449997,94.660004,19.780001,202.511002,208.589996,376.269989,151.070007,137.369995,104,2.94,2.51,51.189999,86.68,73.169998,205.350006,229.830002
59.82,79.32,348.070007,41.23,507.109985,249.470001,141.289993,87.209999,81.010002,217.360001,284,410.726013,125.459999,200.25,91.32,111.290001,139.809998,286.269989,216.669998,21.209999,11.25,5.3,1046.209961,79.970001,87.25,12.43,102.5,72.209999,94.830002,21.049999,203,204.360001,380.079987,152.110001,137.529999,106.75,3.05,2.55,51.130001,87.650002,74.660004,204.759995,229.259995
59.372002,78.230003,338.589996,43.599998,502.660004,260.839996,138.699997,85.199997,80.169998,219.399994,292.019989,428.5,121.709999,202.300003,90.029999,110.5,141.279999,286.559998,215.309998,20.23,11.42,5.3,1049.329956,79.650002,86.510002,12.2,103.769997,72.529999,90,22.719999,202.570007,206.820007,373.23999,154.080002,138.100006,90.809998,2.92,2.32,50.810001,88.269997,74.18,208.820007,230.880005
60.290001,78.889999,341.450012,43.360001,505.700012,267.399994,140.289993,84.910004,79.910004,226.580002,290.980011,437.303986,117.769997,202.419998,90.470001,110.57,142.690002,284.769989,216.789993,20.190001,11.84,5.3,1039.449951,80.589996,87.300003,12.26,104.75,72.160004,90.010002,23.309999,204.509995,207.130005,374.799988,154.190002,137.979996,95.330002,2.94,2.36,51.349998,89.739998,73.620003,208.75,229.820007
59.700001,78.57,336.23999,45.549999,521.51001,265.910004,141.940002,84.5,78.690002,224.309998,291.549988,440.109985,116.629997,202.298004,90.910004,111.139999,142.270004,282.869995,218.360001,18.26,11.8,5,1035,79.760002,87,12.6,107.660004,72.540001,87.5,22.719999,202.585007,208.059998,373.309998,159.690002,137.320007,85,2.85,2.37,51.509998,90.5,73.349998,207.770004,229.5
59.138,79.144997,337.570007,46.16,537.460022,270.579987,144.539993,85.790001,79.989998,224.429993,292.709991,470.51001,119.976997,205.145004,90.040001,111.830002,140.910004,283.5,220.240005,19.1,11.8,4.9,1073.939941,79.879997,90.389999,12.45,111.910004,75.040001,87.699997,22.809999,207.119995,211.130005,382.329987,158.580002,137.259995,85.910004,2.88,2.34,51.529999,91.379997,73.900002,208.270004,228.460007
61.584999,81.800003,344.25,46.650002,556,268.570007,147.220001,86.230003,79.879997,227.350006,293.049988,405.119995,120.25,204.600006,96.75,114.5,146.399994,283.600006,223.229996,19.450001,13.98,5.2,1062.5,80.839996,88.150002,12.81,112.059998,72.779999,89.349998,23.190001,207.889999,213.970001,390.48999,160.800003,139.490005,78.559998,2.85,2.07,52.09,94.769997,76.510002,215.669998,232.479996
59.310001,76.029999,339.399994,46.009998,515.150024,257.410004,139.429993,80.849998,78.379997,214.960007,283.630005,402,113.330002,194.949997,91.739998,112,145.300003,272.170013,212.759995,18.610001,13.78,5.4,993.859985,78.050003,84.495003,18.299999,110.589996,71.339996,81.800003,21.129999,196.699997,214.380005,370.079987,160.460007,137.279999,73,2.76,2,47.740002,91.82,71.050003,209.070007,225.679993
57.099998,75.400002,319.690002,45.900002,468.190002,243.199997,133.860001,81.379997,77.410004,205.190002,271.140015,372.019989,103.059998,182.850006,90.769997,110.209999,146.039993,264.670013,202.850006,17.34,12.81,5.3,896.47998,73.879997,82.519997,18.75,110.690002,66.5,76,21.440001,188.509995,209.149994,352.859985,159,133.529999,61,2.62,1.95,45.919998,86.919998,67.550003,208.179993,225.270004
55.400002,75.379997,302.190002,45.16,468.170013,240.139999,130.720001,78.699997,77.220001,202.199997,269.420013,329.880005,108.370003,184.699997,92.120003,110.540001,145.720001,262.809998,198.470001,17.950001,13.11,5.7,906.359985,73.080002,80.309998,18.33,108.07,69.419998,58.43,21.030001,184.089996,206.360001,343.25,156.490005,132.009995,62.560001,2.64,2.01,44.299999,83.989998,68.139999,207.970001,220.380005
55.740002,75.699997,300.329987,45.23,489.269989,242.960007,135.080002,79.5,78.550003,206.699997,271.350006,341.51001,109.43,187.300003,94.029999,112.830002,149.210007,271.75,199.160004,19.26,13.95,5.6,932,74.559998,83.040001,18.379999,102.82,70.849998,58.029999,20.67,193,211.929993,353.51001,161,133.369995,65.440002,2.58,2.09,44.150002,87.050003,71.839996,210.860001,222.080002
56.380001,73.550003,295.779999,44.369999,486.679993,246.970001,134.190002,79.879997,78.760002,204.110001,267.029999,360.559998,110.253998,187.839996,93.489998,114,148.75,271.170013,202.130005,20.43,14.93,5.4,925.450012,74.730003,83.370003,18.209999,105.790001,70.540001,59.299999,20.49,189.399994,219.529999,355.029999,158.929993,133.520004,73.339996,2.78,2.17,43.5,83.639999,74.040001,213.610001,218.720001
55.549999,73.330002,292.279999,43.48,475.829987,239.449997,134.130005,79.650002,78.599998,201.240005,262.640015,360.5,109.940002,180.929993,93.800003,116.419998,150.240005,273.459991,198.520004,19.92,14.27,5.4,897.5,73.160004,81.620003,17.52,104.25,69.879997,64.080002,20.370001,186.679993,219.889999,357.589996,157.490005,133.270004,64.199997,2.83,2.25,42.650002,80.940002,76.339996,213,219.139999
56.487999,75,299.630005,44.299999,505.25,244.039993,136.080002,81.019997,79.949997,204.029999,265.700012,373.299988,109.389999,184.380005,95.150002,118.169998,152.210007,278.019989,201.800003,20.43,14.7,5.3,919.130005,75.160004,83.010002,17.66,106.410004,71.519997,65.555,20.969999,187.020004,220.580002,365.359985,160.289993,135.190002,67.400002,2.94,2.25,43.130001,83,77.059998,216.699997,222.809998
56.59,76.589996,303,45.139999,513.109985,248.509995,139.300003,82.989998,81.379997,206.929993,269.299988,430.700012,109.160004,184.179993,98.330002,119.18,148.360001,282.380005,205.979996,21.5,15.21,5.3,923,75.870003,82.945,17.59,109.529999,76.959999,70.760002,21.389999,191.300003,220.419998,369.100006,164.710007,135.050003,69.760002,2.97,2.3,44.41,86.120003,80,215.190002,224.630005
56.34,74.949997,305.859985,45.029999,500.549988,250.229996,140.25,81.970001,83.040001,204.639999,261.790009,435.309998,108.538002,180.669998,97.699997,118.160004,148.369995,280.679993,206.720001,21.129999,15.75,5.3,884.539978,75.309998,84.07,17.530001,114.120003,76.57,70.809998,20.629999,189.889999,220.559998,362.359985,167.440002,135,72.730003,2.96,2.4,44.860001,87.660004,81.379997,214.860001,224.789993
52.349998,72.755997,296.170013,42.849998,481.390015,241.309998,134.960007,79.949997,80.610001,199.960007,250.190002,408,104.300003,173.789993,95.519997,115.800003,149.149994,276.959991,198.190002,20.040001,15.13,5.3,839.400024,72.379997,82.739998,16.969999,112.720001,75.730003,66.669998,20.299999,185.216003,220.25,355.140015,164.860001,131.919998,68.699997,2.95,2.41,44.509998,85.059998,76.239998,212.009995,219.800003
52.799999,73.07,301.890015,42.099998,479.549988,238.710007,133.669998,80.559998,80.110001,196.25,250.050003,428.799988,109.110001,171.630005,97.129997,114.489998,152.059998,270.809998,194.199997,21.139999,15.14,5.3,866.846008,70.150002,83.769997,17.27,109.800003,78.139999,70.559998,20.74,181.360001,217.850006,359.929993,166.169998,131.169998,70.589996,3.01,2.51,44.509998,84.589996,76.480003,219.449997,218.460007
52.57,72.019997,300.700012,40.720001,476.179993,236.800003,131.440002,79.199997,79.080002,196.380005,244.130005,407.070007,109.792999,174.080002,90.519997,111.739998,143.869995,266.529999,193.550003,20.879999,15.36,5.1,881,70.169998,81.598,17.32,109.510002,76.739998,69.370003,19.540001,169.300003,210.529999,352.570007,156.630005,128.529999,70.169998,3.01,2.37,44.310001,82.870003,75.550003,210.179993,206.570007
53.75,74.07,310.190002,41.029999,486.220001,241.259995,133.770004,79.760002,79.400002,202.080002,248.220001,417.600006,112.599998,182.184998,92.93,112.849998,144.5,270.630005,198.910004,20.690001,15.01,5.1,904.719971,71.230003,84.398003,17.440001,110.720001,76.889999,67.82,20.67,176.509995,207.119995,358.730011,157.949997,129.970001,72.050003,3,2.25,44.68,84.68,75.199997,214.529999,209.289993
54.689999,74.099998,315.859985,41.07,483.170013,235.350006,133.589996,77.07,77.889999,200.029999,248.149994,375.880005,114.050003,181.100006,80.150002,125.260002,143.600006,264.690002,196.820007,19.370001,16.23,5.1,910.700012,72.400002,83.550003,16.99,111.519997,78.050003,67.580002,20.26,175.389999,202.880005,356.929993,158.979996,128.639999,69.699997,3.1,2.28,44.419998,81.440002,75.050003,214.380005,212.529999
53.110001,72.349998,314.019989,40.459999,480.559998,233.630005,131.940002,76.389999,76.169998,199.199997,245.619995,351.299988,109.519997,179.600006,79.059998,123.300003,142.729996,263.880005,196.460007,18.709999,15.61,4.7,894.179993,70.959999,80.300003,16.42,110.410004,73.879997,65.720001,19.629999,173.770004,202.289993,353.679993,159.220001,126.989998,68.110001,2.97,2.22,43.139999,79.709999,73,211.380005,210.740005
53.549999,71.760002,322,41.09,489.829987,235.050003,133.619995,76.550003,77.389999,202.539993,246.610001,391.299988,113.010002,180.130005,82.540001,122.269997,143.009995,263.920013,200.059998,19.190001,15.82,4.8,911.190002,73.559998,79.650002,16.6,109.93,74.760002,67.5,19.65,172.110001,201.490005,351.089996,160.880005,126.769997,71.849998,3.02,2.19,43.389999,79.510002,75.300003,214.830002,214.699997
55.529999,73.949997,328.700012,42.509998,510,242.210007,139.020004,79.379997,79.470001,208.059998,254.820007,415.549988,119.190002,188.089996,83.879997,123.889999,147.410004,270.299988,209.259995,19.940001,16.809999,4.9,951,76.690002,83.07,17.139999,112.730003,78.010002,66.830002,21.209999,177.679993,206.509995,364.350006,165.559998,131.380005,72.949997,3.25,2.23,45.490002,82.269997,77.07,221.5,218.369995
55.650002,74.739998,333.790009,43.5,517.330017,244.5,143.710007,80.610001,79.309998,206.809998,256.899994,411.600006,121.260002,191.110001,84.779999,123.959999,146.210007,271.109985,211.800003,19.860001,17.459999,4.9,961.403015,77.550003,83.550003,17.33,112.029999,78.019997,67.080002,21.379999,182.520004,207.630005,369.570007,166.350006,131.360001,72.769997,3.45,2.37,46.369999,82.300003,76.68,218.070007,218.690002
54.785,75.639999,330.200012,43.43,526.01001,246.220001,143.360001,80.139999,80.57,206.539993,260.100006,420.470001,120.139999,193.311005,87.220001,125.160004,147.740005,272.519989,210.800003,20.77,17.049999,5,1014.349976,77.309998,84.82,17.27,112.849998,77.290001,68.800003,22.540001,186.279999,208.649994,367.5,166.589996,130.850006,71.830002,3.45,2.38,46,81.68,75.660004,220.240005,219.550003
55.799999,77.470001,333.140015,42.619999,538.429993,250.809998,147.139999,79.599998,81.739998,211.320007,264.799988,434.420013,123.25,196.220993,86.470001,125.309998,145.649994,275.850006,216.009995,19.799999,17.01,4.9,1026.150024,78.099998,85.529999,17.23,114.110001,78.32,70,23.24,187.389999,207.479996,374.420013,171.389999,132.600006,74.400002,3.41,2.34,46.599998,83.209999,75.400002,218.570007,216.360001
55.599998,75.760002,328.559998,42.07,522.039978,247.210007,146.800003,76.870003,80.610001,205.539993,259.179993,415,127.269997,189.25,84.57,123.589996,143.75,274.100006,210.330002,20.809999,16.73,4.8,1017.01001,79.099998,82.879997,16.879999,110.400002,78.379997,70.690002,22.51,185,199.149994,370,167.880005,131.229996,76.800003,3.23,2.26,46.84,81.169998,76.75,215.020004,215.509995
57.676998,75.589996,332.609985,43.07,528.909973,249,148.100006,79.010002,81.550003,206.979996,260.839996,419.329987,130.699997,192.160004,91.139999,126.449997,151.619995,279.700012,213,21.950001,17.559999,4.6,1014.380005,79.489998,86.5,16.84,113.07,80.239998,73.769997,22.32,197.699997,212.839996,374.910004,170.770004,133.460007,77.230003,3.6,2.32,47.59,82.080002,79,224.850006,226.229996
58.639999,76.309998,339.410004,43.18,546.599976,249,146.539993,80.059998,82.769997,204.820007,258.23999,406.049988,134.100006,190.880005,93.519997,127.269997,151.279999,275.769989,213.080002,20.6,19.1,4.8,1030.01001,81.209999,88.510002,17.67,114.690002,79.400002,70.160004,21.860001,200,216.509995,368.559998,172.009995,135.559998,77.099998,4.07,2.32,49.119999,81.029999,80.550003,226.009995,232.410004
58.785,77.678001,343.51001,43.709999,554.539978,252.199997,149.029999,81.099998,84.779999,206.720001,254.820007,413.850006,136.449997,193.330002,95.599998,128.25,153.199997,280,214.779999,20.84,20.129999,4.8,1048.160034,82.019997,89.540001,17.469999,117.370003,79.010002,71.089996,22.91,203.149994,219.529999,371.630005,175.270004,135.320007,79.550003,4.19,2.27,50.02,81.120003,81.199997,228.110001,233.389999
59.419998,77.099998,347,44.419998,550.320007,257.079987,149.809998,80.919998,86.519997,208.320007,259.149994,425.299988,139.160004,192.669998,95.959999,129.509995,154.240005,281.170013,218.449997,20.190001,20.77,4.8,1056.22998,83.389999,91.5,17.940001,121.639999,80.18,66.230003,22.219999,205.270004,219.110001,376.440002,175.880005,137.809998,81.029999,4.39,2.28,50.779999,83.110001,83.489998,230.710007,235.399994
60.240002,78.669998,359.170013,45.52,546.429993,261.5,152.479996,82.330002,87.639999,211.229996,262.170013,426.459991,140.070007,192.600006,95.660004,129.330002,157.399994,284.089996,220.860001,19.51,21.6,4.7,1070,84.230003,93.059998,18.26,120.779999,82.849998,71.010002,22.530001,206.440002,220.960007,385.769989,180.059998,139.190002,81.849998,4.68,2.42,51.849998,84.510002,86.779999,233.580002,242.649994
60.57,81.900002,367.130005,45.610001,556.5,265.290009,155.259995,83.290001,88.68,216.809998,267.869995,438.579987,146.550003,196.632004,94.650002,129.259995,159.520004,286.059998,223.580002,20.700001,20.639999,5,1085.300049,86.139999,93.730003,18.200001,122.25,80.830002,76.464996,23.1,208.820007,221.050003,395.429993,181.330002,140.979996,80.150002,4.56,2.41,52.200001,85.910004,85.550003,235.070007,244.039993
60.950001,82.129997,367.399994,46.27,560.75,264.230011,152.399994,85.230003,89.43,220.429993,273.390015,436.600006,147.610001,200.110001,93.910004,127.959999,161.119995,285.700012,227.889999,21.25,20.92,5.1,1086.36499,86.800003,94.190002,18.18,122.879997,79.610001,74.809998,22.9,209.410004,226.979996,398.279999,181.449997,141.220001,79.010002,4.75,2.4,52.060001,87.160004,88.400002,234.490005,241.179993
59.860001,79.910004,370.209991,46.439999,558.400024,258.75,151.809998,82.919998,88.269997,219.130005,271.5,447.350006,147.660004,200.5,91.849998,127.010002,162.5,285.149994,224.259995,21.18,21.629999,5.3,1066.589966,85.379997,91.610001,18.370001,122.209999,78.400002,72.300003,22.690001,208.110001,226.740005,395.5,180.25,141.460007,79.5,4.9,2.41,51.07,85.669998,89.690002,237.089996,243.490005
58.799999,78.639999,358.920013,45.830002,550.710022,254.020004,149.600006,80.970001,87.190002,216.009995,263.670013,442.5,143.449997,198.128006,91.800003,126.110001,160.149994,283.119995,222.240005,20.719999,21.07,5.2,1044.030029,84.400002,91.309998,17.780001,119.589996,77.699997,71.639999,21.5,204,225.410004,380.720001,178.990005,140.330002,77.129997,4.4,2.4,49.639999,84.010002,87.5,234.369995,240.770004
60.57,80.669998,364.649994,46.689999,551.700012,258.48999,152.919998,80.709999,86.440002,219.320007,265.299988,438.850006,147.149994,202.220001,93.400002,127.550003,166.619995,287.25,226.339996,20.91,23.07,5.3,1063.810059,86.209999,92.220001,17.91,120.629997,79.529999,73,22.700001,208.529999,227.869995,385.869995,181.009995,143.169998,76.970001,4.67,2.43,49.740002,87.5,89.209999,239.710007,248.100006
59.27,80.220001,362.01001,47.310001,536.27002,254.5,150.380005,80.309998,87.290001,213.720001,259.880005,428.869995,146.360001,199.100006,92.220001,127.050003,166.800003,283.380005,223.669998,20.52,23.43,5.4,1054.810059,86.139999,90.870003,17.459999,121.239998,77.510002,71.879997,23.690001,204.210007,225.619995,383.790009,182.039993,141.429993,71.440002,4.7,2.42,49.259998,85.879997,89.959999,237.110001,243.320007
59.369999,81,362.5,47.240002,540.280029,254.050003,151.429993,80.5,87.769997,213.089996,262.880005,419.049988,144.509995,200.309998,92.790001,127.720001,167.910004,284.130005,223.559998,20.83,24.35,5.5,1046.040039,85.059998,91.230003,17.66,122.050003,73.330002,72.269997,23.66,205.429993,224.139999,384.26001,186,142.039993,71.309998,4.7,2.34,48.91,86.519997,91.75,237.759995,238.639999
59.799999,82.190002,362.019989,46.57,539.099976,251.850006,150.309998,78.730003,87.57,213.119995,276.369995,421.25,132.690002,206.020004,94.599998,128.449997,166.740005,283.279999,225.429993,20.85,25.51,5.5,1018.02002,84.519997,92.330002,17.35,118.18,73.68,69.339996,24.870001,207.809998,226.610001,382.980011,190.520004,143.669998,67.540001,5.62,2.29,48.200001,86.589996,79.5,236.059998,236.649994
59.32,80.139999,353.079987,46.330002,529.27002,246.130005,147.330002,79.169998,87.879997,211.699997,275.040009,424.51001,132.845001,202.139999,93.75,128.860001,166.889999,280.649994,222.220001,21.43,24.91,5.3,990.5,83.739998,91.809998,17.360001,118.309998,73.5,65.510002,24.309999,210.470001,229.889999,375.399994,192.190002,142.75,66.610001,5.62,2.3,47.619999,85.870003,80.93,234.880005,237.649994
58.93,79.32,350.320007,46.560001,531.650024,246.809998,148.820007,80.25,87.43,213.160004,276.820007,407.380005,134.125,201.210007,95.349998,128.649994,167.559998,279.549988,222.820007,21.23,24.1,5.5,996.27002,84.75,92.209999,17.450001,119.290001,75.940002,66.540001,23.52,210.169998,228.119995,374.140015,195.690002,144.649994,69.650002,5.81,2.3,48.080002,86.540001,82.129997,237.119995,240.259995
59.5,80.010002,343.299988,44.23,521.539978,237.380005,144.809998,78.43,85.769997,208.100006,274.26001,410,136.199997,195.050003,92.839996,126.68,160.830002,272,217.850006,20.280001,23.059999,5.3,1008.059998,84,90.779999,17.5,118.93,76.300003,66.800003,22.48,204.936005,227.25,364,192.800003,140.919998,68.68,5.51,2.27,46.34,82.400002,80.540001,231.75,234.669998
59.610001,80.620003,342.540009,43.919998,527.659973,245.770004,144.410004,79.089996,85.980003,210.330002,276.309998,420.100006,141.294998,197.720001,94.75,127.900002,157.009995,276.119995,221.419998,20.620001,23.51,5.3,1057.416016,85.120003,91.440002,17.5,119.800003,77.190002,67.050003,22.549999,207.429993,230.059998,364.459991,196.039993,139.910004,71.099998,5.62,2.35,47.299999,83.720001,82.199997,228,233.720001
57.380001,79.809998,333.309998,41.900002,504.359985,238.009995,139.089996,76.75,83.839996,202.100006,267.26001,406,138.919998,191.5,90.07,121.040001,150.520004,268.690002,216.100006,20.76,22.299999,5.3,1016.830017,82.120003,88.699997,16.950001,114.830002,74.790001,67.260002,21.879999,201.395004,229.570007,357.380005,185.089996,134.679993,68.389999,4.91,2.36,46.639999,79.360001,81.18,222.509995,230.690002
57.305,81,338.799988,42.200001,510,237.130005,139.800003,75.389999,84.019997,203.369995,273.779999,406.459991,128.130005,192.309998,90.230003,121.150002,149.630005,267.309998,217.770004,20.700001,22.799999,5.2,975,83.050003,87.099998,16.84,115.199997,75.269997,71.191002,22.799999,199.110001,232.710007,362.220001,183.440002,134.839996,62.009998,5.26,2.38,46.720001,79.5,81.269997,221.729996,231.580002
57.630001,80.272003,338.269989,43.07,492,228.660004,139.630005,75.480003,83.160004,199.619995,259.100006,379.109985,119.709999,182.919998,90.860001,118.800003,153.039993,262.029999,212.210007,19.799999,20.85,5.2,906.219971,83.440002,86.43,16.52,113.239998,73.75,69.410004,21.719999,183.600006,226.300003,359.01001,173.470001,136.130005,55.259998,5.75,2.33,46.220001,82.050003,78.349998,222.610001,232.399994
58.855,79.839996,345.179993,43.919998,495.799988,228.990005,139.940002,74.470001,84.529999,200.119995,257.339996,392.299988,121.57,185.050003,93.790001,121.099998,157.649994,268.519989,212.330002,20,21.219999,5.5,898.882019,84.150002,87.160004,16.67,112.269997,70.540001,71,22.469999,189.009995,233.050003,361.720001,187.070007,138.339996,56.110001,5.9,2.38,47.200001,84.019997,79.75,227.5,240.070007
61.25,78.181,355.119995,45.509998,504.109985,233.279999,134.839996,75.5,86.059998,203.119995,260.880005,406.690002,125.587997,174.809998,96.339996,123.190002,163.070007,273.720001,217.380005,20.6,22.76,5.8,910.539978,87.169998,91.169998,17.33,115.389999,72.019997,74.400002,23.25,200.539993,238.309998,367.859985,193.490005,141.419998,57.16,6.13,2.42,49.139999,86.489998,80.519997,234.419998,246.779999
63.240002,86.209999,367.279999,44.900002,533.47998,243.240005,139.149994,76.010002,88.459999,212.419998,278.619995,417.100006,133.509995,184.110001,93.099998,125.260002,155.229996,276.01001,227.75,22.200001,23.709999,6.1,955,89.330002,96.599998,16.67,119.57,74.800003,80.448997,24.629999,194.880005,235.759995,372.320007,192.380005,144.429993,58.650002,6.64,2.38,51.130001,89.68,80.739998,233.199997,241.580002
63.400002,88.139999,388.450012,45.82,559.640015,255.440002,142.5,79,89.769997,221.149994,288.950012,424,138.125,199.369995,93,128.460007,157.600006,284.079987,237.169998,22.620001,25.530001,6.3,1003.01001,90.330002,101.504997,17.709999,121.769997,77.690002,90.540001,24.24,202.160004,236.75,393.459991,195.360001,143.960007,61.34,7,2.41,54.52,93.220001,81.040001,237.330002,246.339996
68.019997,90.910004,395.850006,46.34,555.799988,254.490005,143.919998,81.160004,89.050003,218.029999,288.059998,424.279999,140.550003,198.550003,102.800003,128.350006,160.759995,282.850006,237.75,23.5,26.139999,6.1,1003.078979,90.379997,102.269997,17.84,124.480003,75,85.099998,25.209999,201.149994,234.210007,398.190002,196.369995,143.830002,64.610001,7.03,2.25,55.150002,92.739998,83.260002,246.110001,249.309998
73.519997,84.010002,415.809998,48.380001,544.429993,257.25,144.419998,79.230003,88.940002,217.880005,278.529999,421,116.309998,184.440002,114.800003,128.770004,170.119995,269.470001,233.789993,23.02,18.5,6.47,900,91.029999,99.699997,17.860001,124.769997,70.07,91.330002,22.92,205.839996,230.940002,406.320007,202.660004,146.529999,52.509998,6.06,2.47,59,92.730003,72.5,248.350006,254.210007
69.150002,78.25,404.459991,49.080002,505.130005,242.899994,136.860001,78.160004,86.699997,209.720001,264,396.029999,113.487,178.600006,113.07,126.25,170.770004,269.25,218.580002,23.02,17.65,6.4,875,87.199997,98.616997,17.440001,123.209999,68.5,83.235001,21.860001,209.380005,231.759995,397.980011,203.5,144.710007,48.5,5.7,2.62,58.700001,89.989998,71.099998,249.490005,237.020004
70.239998,78.559998,410,48.98,517.929993,251.210007,139.160004,78.040001,89.360001,212.199997,272.480011,410.579987,121.790001,186.399994,116.5,127.18,167.470001,276.170013,222.070007,23.799999,19.200001,6.42,898.603027,91.370003,100.434998,18.57,124.809998,73.610001,85.139999,22.389999,214.729996,239.740005,407.279999,207.899994,147.240005,51,6.28,2.63,64.25,94.589996,72,245.960007,241.100006
69.550003,85.849998,416.350006,46.740002,532.640015,246.360001,140.339996,76.93,89.779999,214.460007,274.429993,409.519989,125.809998,188.429993,116.639999,125.629997,167.649994,273.839996,222.809998,25.5,20.65,6.81,921.72998,89.330002,100.650002,17.959999,124.959999,73.139999,85.5,23.139999,207.669998,235.259995,412.01001,202.210007,144.660004,52.130001,6.7,2.66,64.32,94.139999,75.010002,246.869995,231.740005
69.695,88.209999,424.089996,47.709999,522.369995,247.559998,140.949997,77.18,91.209999,214.160004,273.100006,401.660004,123.330002,186.850006,117.690002,126.830002,169.190002,275.26001,223.880005,30.049999,20.5,7.3,908.401001,90.389999,103.330002,17.91,125.510002,72.18,84.019997,22.799999,208.759995,232.979996,416.380005,199.539993,145.320007,53.060001,6.75,2.69,65.489998,94.449997,74.599998,249.080002,236.729996
69.379997,84.139999,427.070007,50.18,526.23999,248.179993,140.669998,78.32,96.360001,214.520004,274.630005,404.089996,120.5,183.539993,123,127.370003,171.830002,276.399994,220.660004,32.099998,17.84,8,880,89.830002,104.110001,17.969999,126.239998,70.330002,81.089996,23.389999,213.960007,236.990005,419.630005,199.490005,146.380005,51.310001,6.7,2.62,68.160004,95.599998,75.730003,253.610001,236.509995
68.940002,85.690002,428.950012,50.07,532.150024,250.460007,140.550003,76.620003,95.690002,214.080002,273.290009,433.01001,123.599998,190.630005,124.400002,129.110001,170.190002,269.399994,219.039993,30.639999,17.82,7.12,905.169983,90.169998,103.709999,17.59,126.010002,69.800003,73.550003,22.450001,221.389999,240.919998,422.25,198.520004,146.75,51.099998,7.27,2.61,68.019997,97.059998,75.760002,253.5,239.279999
68.809998,84.400002,430,51.220001,527.400024,255.850006,137.440002,76.610001,96.370003,210.929993,271.839996,443.5,124.699997,189.539993,126.529999,131.529999,172.039993,269,216.160004,31.450001,17.879999,7.11,905.150024,92.599998,103.050003,17.360001,123.410004,69.82,72.870003,22.51,228.839996,240.479996,421.019989,197.449997,145.619995,55.23,6.81,2.61,68.040001,97.769997,75.43,257.25,241.190002
70.169998,84.720001,425,50.82,524,255.660004,136,75.529999,95.620003,209.929993,269.190002,487.570007,127.445,189.570007,122.449997,129.929993,170.710007,268.700012,216.300003,31.629999,18.52,6.85,937.27002,92.260002,103.010002,21.370001,121.099998,70.160004,72.519997,22.27,226.639999,240.279999,416.869995,197.779999,143.440002,56.529999,6.6,2.77,67.209999,97.339996,75.879997,255,242.550003
69.110001,85.379997,433.380005,51.740002,522.599976,257.820007,138.389999,79,95.300003,210,269.410004,489.059998,136.264999,190.960007,125.5,131.910004,171.309998,268.869995,218.070007,32.720001,19.299999,6.71,973,93.290001,102.709999,22.98,120.419998,69.82,74.904999,23.73,223.410004,239.880005,423.519989,198.979996,144.699997,58.700001,6.75,2.81,67.120003,99.349998,77.279999,255.5,246.970001
67.389999,86.419998,435.049988,52.02,520.619995,254.610001,136.559998,80.419998,96.849998,208.160004,264.529999,501.790009,138.220001,193.919998,129.029999,133.089996,173.240005,269.549988,213.25,33.150002,17.950001,6.54,963.190002,96.139999,98.630997,22.83,121.050003,68.980003,73.089996,24.17,229.339996,237.309998,421.950012,200.100006,144.570007,62.599998,7.12,2.83,67.019997,101,78.269997,260.160004,249.460007
67.580002,88.330002,440.75,54,515.400024,257.820007,135.330002,81.190002,96.019997,208.860001,267.869995,526.200012,133.649994,198.860001,134.289993,134.210007,175.270004,272.570007,211.199997,31.01,17.43,7,963,97.230003,94.559998,22.799999,121.230003,68.5,73.279999,24.059999,229.210007,229.830002,423.019989,201.279999,146.130005,65.110001,7.24,2.95,68.050003,102.209999,76.660004,260.01001,253.550003
70.724998,86.760002,440.5,53.310001,520.799988,245.050003,134.279999,78.800003,96.139999,212.460007,272.649994,545.369995,138.509995,206.229996,133.240005,133.619995,172.779999,271.209991,216.399994,30.110001,17.48,8.29,975,97.660004,93.110001,22.5,122.330002,67.769997,71.330002,27.5,232.190002,220.190002,420.75,201.270004,145.080002,66.25,6.81,2.9,68.830002,103.620003,77.559998,254.509995,252.449997
72.589996,88.176003,449.820007,53.029999,526.820007,247.029999,135.970001,79.43,98.050003,214.039993,274.820007,578.450012,148.529999,208.619995,136.259995,133.339996,173.880005,274.359985,219.330002,30.690001,18.299999,11,1009.26001,100.019997,94.75,22.91,122.059998,69.739998,77.424004,28.85,237.429993,225.940002,428.779999,201.350006,145.080002,67.599998,6.37,3.14,70.019997,106.040001,76.900002,258.149994,255.210007
74.029999,83.309998,445.600006,52.330002,518.890015,236.070007,136.380005,76.489998,96.199997,210.839996,271.01001,554.51001,153.360001,207.089996,134.160004,132.690002,172.429993,271.920013,222.789993,31.57,18.809999,10.25,1035,102.080002,96,22.52,120.800003,69.75,78.900002,28.02,238,220.690002,433.670013,200.529999,144.75,63.82,6.12,3.01,71.379997,107.57,76.620003,258.109985,249.440002
73.07,84.599998,457.589996,52.639999,529.130005,238.699997,141.160004,77.019997,98.519997,213.350006,278.959991,572.049988,154.100006,214.339996,134.820007,134.75,172.940002,275.549988,224.070007,31.309999,19.15,9.65,1051,99.230003,94.610001,22.639999,121.120003,68.040001,80.064003,27.26,238.869995,224.220001,444.480011,205.729996,146.179993,61.540001,5.84,2.97,72.629997,106.949997,76.620003,255.119995,246.809998
71.349998,82.790001,465.549988,56.889999,529.369995,215.630005,142.509995,77.370003,99.519997,212.800003,280.829987,541.210022,150,210.5,132.160004,134.669998,172.279999,269.570007,223.919998,33.77,19.5,9.75,1036.01001,96.480003,92.959999,22.719999,121.18,67.660004,80.220001,26.91,240.610001,218.940002,444.26001,204.449997,146.639999,59.560001,6.03,2.89,71.57,106.349998,75.610001,254.389999,245.5
74.669998,85.07,479.220001,57.919998,533.159973,220.130005,143.050003,77.879997,99.43,213.649994,281.070007,582.429993,154.199997,213.110001,130.759995,135,173.279999,267.140015,222,34.779999,18.469999,9.34,1061.300049,97.449997,91.970001,22.91,120.110001,68.43,80.760002,27.41,235.429993,218.800003,452.309998,206.779999,146.610001,61.330002,6.36,2.84,71.980003,107.010002,77.029999,251.929993,244.070007
76.5,84.599998,486.160004,58.5,535.549988,221.820007,143.729996,78.099998,100.699997,213.179993,279.299988,585.5,153.222,213.009995,132.210007,135.639999,175.619995,262.820007,234.570007,34.139999,18.309999,9.1,1051.109985,97.089996,93.220001,23.309999,119.400002,71.400002,75.029999,27.49,234.244995,215.229996,453.470001,207.100006,147.550003,61.540001,6.63,2.86,70.330002,108.449997,77,252.789993,245.279999
78.190002,82.93,495.350006,59.34,540,226.25,150.550003,80.410004,104.970001,212.990005,278.200012,603.049988,153.610001,216.309998,138.100006,136.800003,176.559998,261,236.830002,36.240002,17.92,9.16,1056.036987,98.360001,92.019997,23.370001,118.050003,69.580002,78.285004,27.34,240.649994,220.320007,464.100006,210.080002,145.100006,59.150002,6.46,2.92,73.620003,109.099998,75.559998,250.539993,243.119995
78.339996,81.5,505.350006,59.91,531.26001,225.660004,152.759995,79.529999,105.110001,212.889999,281.549988,618.5,156.800003,215.570007,138.199997,137.649994,177.5,258.730011,236.639999,36.200001,16.85,9.62,1083,98.139999,93.010002,23.639999,118.699997,69.830002,80.75,27.59,232.690002,219.580002,464.940002,213.429993,145.509995,57.799999,6.25,2.98,74.220001,111,75.599998,251.270004,244.080002
76,81.650002,489.720001,60.290001,514.72998,220.070007,147.460007,78.150002,103.510002,211.210007,271.75,588,157.639999,209.25,140.630005,138.270004,177,262.25,231.259995,34.84,16.92,9.51,1028.420044,96.730003,91.870003,23.82,116.610001,69.449997,73.5,28.120001,233.070007,220.639999,450.519989,205.940002,146.520004,57.290001,6,3.06,70.919998,110.779999,75.709999,251.600006,248.440002
75.052002,80.910004,484.799988,59.490002,513.97998,220.160004,145.529999,78.059998,102.199997,210.360001,271.859985,566.340027,157,206.649994,140.210007,137.240005,177.139999,262.109985,229.210007,35,16.129999,9.51,1017,94.529999,94.190002,24.42,117.220001,69.459999,72.260002,27.73,229.399994,226.610001,449.119995,206.039993,145.339996,56,6,3,69.400002,110,75.07,250.619995,244.130005
76.309998,82,483.730011,60.59,512.919983,219.979996,138.610001,77.82,103.220001,209.110001,270.25,596.799988,165.720001,210.419998,136.610001,136.229996,176.229996,262.649994,232.300003,35.549999,16.120001,9.7,1038,95.699997,93.519997,24.67,118.110001,73.199997,70.818001,28,233.899994,230.449997,451.839996,204.720001,145.660004,53.779999,6.24,3.01,70.18,111.779999,74.010002,250.820007,244.869995
78.040001,79.07,490.179993,61.330002,523.099976,220.449997,137.940002,79.199997,103.5,212.880005,271.559998,610.200012,169.660004,215,134.25,136.199997,177.779999,265.269989,235.880005,35.599998,16.530001,9.81,1039.160034,95.629997,95.785004,25.33,155.979996,76.440002,71.900002,28.620001,236.384995,233.389999,452.170013,208.490005,145.600006,53.950001,6.49,2.91,72.629997,112.940002,74.669998,252.509995,242.770004
79,79.099998,492.670013,61.450001,527.469971,218.199997,142.960007,82.660004,104.419998,212.240005,267.470001,623.799988,170.509995,217.119995,135.009995,137.25,179.020004,266.200012,239.490005,35.400002,17.110001,9.52,1050.660034,96.900002,98.050003,25.440001,156.679993,75.879997,73.720001,28.09,238.860001,236.369995,461.890015,208.320007,145.850006,56.060001,7.2,2.94,73.730003,113.010002,76.120003,255.979996,244.240005
83.669998,79.919998,489.279999,63.93,528.5,220.25,143.600006,81.449997,103.959999,214.720001,272.51001,605,171.339996,224.610001,135.529999,137.460007,178.360001,267.51001,243.509995,35.540001,17.219999,9.1,1071.689941,95.639999,99.699997,25.879999,157.800003,75.510002,71.699997,27.530001,240.580002,241.100006,465.01001,211.350006,145.880005,61.860001,7.51,3.15,71.699997,114.190002,77.760002,259.640015,244.160004
86.919998,81.650002,482.859985,63.150002,527.140015,224.5,145.399994,81.690002,103.849998,217.919998,273.609985,619.5,183.330002,232.399994,134.149994,138.75,178.580002,271.299988,246.389999,38.43,17.85,9.1,1150.43103,92.269997,99.459999,26.190001,157.160004,68.5,72.510002,28.5,246.279999,245.029999,476.01001,211.699997,148,65,8.25,3.22,72.949997,115.650002,79.510002,261.540009,244.619995
90.419998,81.099998,477.700012,63.810001,522.820007,224.399994,145.059998,80.32,103.160004,216.020004,271.140015,628.539978,184.690002,232.279999,137.050003,137.169998,177.470001,270.299988,248.199997,38.880001,18.41,9.32,1161.119995,102.669998,103.07,25.82,155.830002,68.379997,73.940002,30.299999,245.070007,243.830002,474.320007,214.830002,150.229996,62.27,8.12,3.43,72.349998,117.389999,80.690002,264.559998,242.710007
93.220001,79.370003,468.73999,63.18,518.700012,224.710007,145.169998,79.220001,103.32,217.279999,267.790009,646.070007,184.550003,232.201004,135.410004,142.509995,176.320007,265.880005,247,38,18.700001,9.25,1145,102.879997,99.510002,25.51,153.809998,66.410004,72.5,30.67,239.050003,244.850006,459.480011,212.800003,148.550003,60.849998,7.75,3.37,71.949997,115.849998,81.040001,265.579987,243.309998
96.064003,80.552002,473.399994,65.510002,522.159973,226.600006,147.839996,81.379997,102.910004,221.850006,264.630005,614.22998,190.442993,238.089996,142.649994,141.089996,176.479996,268.51001,254.509995,40,19.610001,9.25,1200.165039,106.790001,103.839996,26.6,152.740005,66.470001,72.809998,32.509998,214.419998,247.919998,472.950012,212.380005,148.210007,57.110001,8.14,3.4,73.989998,119.580002,83.160004,265.230011,245.639999
100.5,84.209999,470.910004,66.120003,520.200012,227.110001,148.75,83.610001,103.599998,220.800003,266.230011,622.570007,190.029999,238.330002,147.259995,141.699997,177.009995,268.200012,254.589996,40.599998,21,9.22,1197.400024,109.910004,103.339996,26.959999,153.160004,66.910004,67.281998,32.119999,212.639999,248.119995,474.200012,217.339996,147.399994,57.810001,8.33,4.16,73.199997,118.870003,86.050003,267.829987,248.029999
97.75,83.110001,472.899994,65.449997,517.549988,224.830002,149.5,84.5,104.669998,221.199997,266.200012,641,188.080002,238.089996,148.289993,141.100006,178.350006,269.399994,253.809998,42.900002,20.719999,9.26,1209.546997,109.769997,104.660004,27.01,151.990005,67.980003,67.5,31.639999,205.039993,242.289993,477.079987,219.190002,147.580002,56.369999,8.29,4,73.099998,119.040001,85.620003,267.320007,247.210007
99.279999,81.059998,475.359985,65.730003,510.529999,222.050003,151.800003,88.610001,105.949997,223.020004,265.660004,660.799988,175.839996,235.25,149.600006,141.039993,178.309998,269.23999,254.419998,41.419998,19.1,9.61,1137.219971,108.110001,102.779999,26.559999,153.899994,68.519997,66.459999,32.130001,198.020004,240.220001,478.429993,220,150.309998,51.049999,8.03,4.02,74.339996,118,85.599998,267.399994,248.059998
99.489998,83,469,64.730003,513.690002,220.860001,149.619995,88.550003,105.220001,223.580002,276.279999,655,173.690002,229.679993,144.740005,140.429993,175.110001,265.070007,252.779999,38.77,17.58,9.25,1146.329956,106.010002,101.18,25.84,155.270004,69.199997,66.730003,32.110001,200.014999,240.229996,482.51001,220.520004,150.759995,50.509998,7.57,3.91,71.349998,116.980003,82.110001,262.850006,244.679993
99.138,86.919998,476.119995,65.029999,515.869995,221.580002,151.059998,91.300003,107.400002,221.470001,271.709991,668.359985,176.119995,230.020004,147.759995,140.660004,178.690002,264.920013,254.860001,39.709999,18.129999,9.45,1142.790039,107.529999,102.589996,25.5,155.929993,70.120003,68.910004,33,198.720001,240.220001,488,222.960007,151.5,51.110001,8,3.86,72.07,118.300003,83.169998,265.5,247.100006
